"Colony","Date","Bee","Entrance_minute","Entrance_second","Danced","Bout_1","Bout_2","Bout_3","Bout_4","Bout_5","Bout_6","Bout_7","Bout_8","Bout_9","Bout_10","Bout_11","Bout_12","Bout_13","Bout_14","Decimal_entrance_time","Total_runs","Decimal_time","Duration","Scent","Site","Density","Flower_number"
"C","6/15/22","BO.a_C",27,0,1,4,NA,NA,NA,NA,NA,NA,NA,NA,NA,NA,NA,NA,NA,27,4,24,96,"Clove","South","High","Low"
"C","6/15/22","BO.a_C",40,0,1,5,2,NA,NA,NA,NA,NA,NA,NA,NA,NA,NA,NA,NA,40,7,24,96,"Clove","South","High","Low"
"C","6/15/22","BO.a_C",46,0,1,13,NA,NA,NA,NA,NA,NA,NA,NA,NA,NA,NA,NA,NA,46,13,24,96,"Clove","South","High","Low"
"C","6/15/22","BO.a_C",51,0,1,4,10,7,NA,NA,NA,NA,NA,NA,NA,NA,NA,NA,NA,51,21,24,96,"Clove","South","High","Low"
"C","6/15/22","BO.a_C",57,0,1,13,NA,NA,NA,NA,NA,NA,NA,NA,NA,NA,NA,NA,NA,57,13,24,96,"Clove","South","High","Low"
"C","6/15/22","BO.a_C",68,0,1,9,NA,NA,NA,NA,NA,NA,NA,NA,NA,NA,NA,NA,NA,68,9,24,96,"Clove","South","High","Low"
"C","6/15/22","BO.a_C",73,0,1,2,13,NA,NA,NA,NA,NA,NA,NA,NA,NA,NA,NA,NA,73,15,24,96,"Clove","South","High","Low"
"C","6/15/22","BO.a_C",80,0,1,7,NA,NA,NA,NA,NA,NA,NA,NA,NA,NA,NA,NA,NA,80,7,24,96,"Clove","South","High","Low"
"C","6/15/22","BO.a_C",85,0,1,6,13,16,NA,NA,NA,NA,NA,NA,NA,NA,NA,NA,NA,85,35,24,96,"Clove","South","High","Low"
"C","6/15/22","BO.a_C",97,0,1,27,NA,NA,NA,NA,NA,NA,NA,NA,NA,NA,NA,NA,NA,97,27,24,96,"Clove","South","High","Low"
"C","6/15/22","BO.a_C",103,0,1,7,20,NA,NA,NA,NA,NA,NA,NA,NA,NA,NA,NA,NA,103,27,24,96,"Clove","South","High","Low"
"C","6/15/22","BO.a_C",117,0,1,7,NA,NA,NA,NA,NA,NA,NA,NA,NA,NA,NA,NA,NA,117,7,24,96,"Clove","South","High","Low"
"C","6/15/22","BP_C",75,0,1,1,14,NA,NA,NA,NA,NA,NA,NA,NA,NA,NA,NA,NA,75,15,18,102,"Peppermint","Northeast","High","Low"
"C","6/15/22","BP_C",87,0,1,5,2,NA,NA,NA,NA,NA,NA,NA,NA,NA,NA,NA,NA,87,7,18,102,"Peppermint","Northeast","High","Low"
"C","6/15/22","BP_C",102,0,1,3,NA,NA,NA,NA,NA,NA,NA,NA,NA,NA,NA,NA,NA,102,3,18,102,"Peppermint","Northeast","High","Low"
"C","6/15/22","BP_C",117,0,1,25,4,NA,NA,NA,NA,NA,NA,NA,NA,NA,NA,NA,NA,117,29,18,102,"Peppermint","Northeast","High","Low"
"C","6/15/22","BW_C",49,0,1,23,NA,NA,NA,NA,NA,NA,NA,NA,NA,NA,NA,NA,NA,49,23,11,109,"Peppermint","Northeast","High","Low"
"C","6/15/22","BW_C",54,0,1,13,5,NA,NA,NA,NA,NA,NA,NA,NA,NA,NA,NA,NA,54,18,11,109,"Peppermint","Northeast","High","Low"
"C","6/15/22","BW_C",59,0,1,15,12,6,12,NA,NA,NA,NA,NA,NA,NA,NA,NA,NA,59,45,11,109,"Peppermint","Northeast","High","Low"
"C","6/15/22","BW_C",66,0,1,15,8,NA,NA,NA,NA,NA,NA,NA,NA,NA,NA,NA,NA,66,23,11,109,"Peppermint","Northeast","High","Low"
"C","6/15/22","BW_C",74,0,1,23,NA,NA,NA,NA,NA,NA,NA,NA,NA,NA,NA,NA,NA,74,23,11,109,"Peppermint","Northeast","High","Low"
"C","6/15/22","BW_C",80,0,1,24,6,9,NA,NA,NA,NA,NA,NA,NA,NA,NA,NA,NA,80,39,11,109,"Peppermint","Northeast","High","Low"
"C","6/15/22","BW_C",87,0,1,7,19,NA,NA,NA,NA,NA,NA,NA,NA,NA,NA,NA,NA,87,26,11,109,"Peppermint","Northeast","High","Low"
"C","6/15/22","BW_C",93,0,1,1,8,NA,NA,NA,NA,NA,NA,NA,NA,NA,NA,NA,NA,93,9,11,109,"Peppermint","Northeast","High","Low"
"C","6/15/22","BW_C",104,0,1,16,11,NA,NA,NA,NA,NA,NA,NA,NA,NA,NA,NA,NA,104,27,11,109,"Peppermint","Northeast","High","Low"
"C","6/15/22","BW_C",109,0,1,3,13,7,NA,NA,NA,NA,NA,NA,NA,NA,NA,NA,NA,109,23,11,109,"Peppermint","Northeast","High","Low"
"C","6/15/22","FR.a_C",63,0,1,4,8,NA,NA,NA,NA,NA,NA,NA,NA,NA,NA,NA,NA,63,12,33,87,"Clove","South","High","Low"
"C","6/15/22","FR.a_C",84,0,1,7,NA,NA,NA,NA,NA,NA,NA,NA,NA,NA,NA,NA,NA,84,7,33,87,"Clove","South","High","Low"
"C","6/15/22","FR.a_C",97,0,1,18,7,6,NA,NA,NA,NA,NA,NA,NA,NA,NA,NA,NA,97,31,33,87,"Clove","South","High","Low"
"C","6/15/22","GR.a_C",66,0,1,7,3,NA,NA,NA,NA,NA,NA,NA,NA,NA,NA,NA,NA,66,10,39,81,"Peppermint","Northeast","High","Low"
"C","6/15/22","GR.a_C",71,0,1,5,21,6,10,NA,NA,NA,NA,NA,NA,NA,NA,NA,NA,71,42,39,81,"Peppermint","Northeast","High","Low"
"C","6/15/22","GR.a_C",78,0,1,3,NA,NA,NA,NA,NA,NA,NA,NA,NA,NA,NA,NA,NA,78,3,39,81,"Peppermint","Northeast","High","Low"
"C","6/15/22","GR.a_C",84,0,1,8,3,7,NA,NA,NA,NA,NA,NA,NA,NA,NA,NA,NA,84,18,39,81,"Peppermint","Northeast","High","Low"
"C","6/15/22","GR.a_C",97,0,1,15,12,NA,NA,NA,NA,NA,NA,NA,NA,NA,NA,NA,NA,97,27,39,81,"Peppermint","Northeast","High","Low"
"C","6/15/22","OP.a_C",121,0,1,1,NA,NA,NA,NA,NA,NA,NA,NA,NA,NA,NA,NA,NA,121,1,53,67,"Clove","South","High","Low"
"C","6/15/22","OY.a_C",113,0,1,5,NA,NA,NA,NA,NA,NA,NA,NA,NA,NA,NA,NA,NA,113,5,28,92,"Clove","South","High","Low"
"C","6/15/22","RB_C",62,0,1,13,NA,NA,NA,NA,NA,NA,NA,NA,NA,NA,NA,NA,NA,62,13,26,94,"Peppermint","Northeast","High","Low"
"C","6/15/22","RB_C",82,0,1,18,NA,NA,NA,NA,NA,NA,NA,NA,NA,NA,NA,NA,NA,82,18,26,94,"Peppermint","Northeast","High","Low"
"C","6/15/22","RB_C",108,0,1,4,NA,NA,NA,NA,NA,NA,NA,NA,NA,NA,NA,NA,NA,108,4,26,94,"Peppermint","Northeast","High","Low"
"C","6/15/22","RB_C",113,0,1,3,23,12,1,6,NA,NA,NA,NA,NA,NA,NA,NA,NA,113,45,26,94,"Peppermint","Northeast","High","Low"
"C","6/16/22","_B.a_C",92,0,1,21,NA,NA,NA,NA,NA,NA,NA,NA,NA,NA,NA,NA,NA,92,21,3,117,"Clove","South","Low","Low"
"C","6/16/22","_B.a_C",100,0,1,12,NA,NA,NA,NA,NA,NA,NA,NA,NA,NA,NA,NA,NA,100,12,3,117,"Clove","South","Low","Low"
"C","6/16/22","BB.a_C",112,0,1,8,NA,NA,NA,NA,NA,NA,NA,NA,NA,NA,NA,NA,NA,112,8,3,117,"Clove","South","Low","Low"
"C","6/16/22","BF_C",52,0,1,1,12,9,NA,NA,NA,NA,NA,NA,NA,NA,NA,NA,NA,52,22,13,107,"Peppermint","Northeast","High","Low"
"C","6/16/22","BF_C",66,0,1,6,8,NA,NA,NA,NA,NA,NA,NA,NA,NA,NA,NA,NA,66,14,13,107,"Peppermint","Northeast","High","Low"
"C","6/16/22","BF_C",84,0,1,4,NA,NA,NA,NA,NA,NA,NA,NA,NA,NA,NA,NA,NA,84,4,13,107,"Peppermint","Northeast","High","Low"
"C","6/16/22","BF_C",96,0,1,13,NA,NA,NA,NA,NA,NA,NA,NA,NA,NA,NA,NA,NA,96,13,13,107,"Peppermint","Northeast","High","Low"
"C","6/16/22","BF_C",104,0,1,8,NA,NA,NA,NA,NA,NA,NA,NA,NA,NA,NA,NA,NA,104,8,13,107,"Peppermint","Northeast","High","Low"
"C","6/16/22","BF_C",117,0,1,6,NA,NA,NA,NA,NA,NA,NA,NA,NA,NA,NA,NA,NA,117,6,13,107,"Peppermint","Northeast","High","Low"
"C","6/16/22","BO.a_C",70,0,1,3,NA,NA,NA,NA,NA,NA,NA,NA,NA,NA,NA,NA,NA,70,3,0,120,"Clove","South","Low","Low"
"C","6/16/22","BO.a_C",76,0,1,12,1,2,NA,NA,NA,NA,NA,NA,NA,NA,NA,NA,NA,76,15,0,120,"Clove","South","Low","Low"
"C","6/16/22","BO.a_C",84,0,1,11,NA,NA,NA,NA,NA,NA,NA,NA,NA,NA,NA,NA,NA,84,11,0,120,"Clove","South","Low","Low"
"C","6/16/22","BO.a_C",92,0,1,3,20,10,NA,NA,NA,NA,NA,NA,NA,NA,NA,NA,NA,92,33,0,120,"Clove","South","Low","Low"
"C","6/16/22","BO.a_C",106,0,1,1,9,NA,NA,NA,NA,NA,NA,NA,NA,NA,NA,NA,NA,106,10,0,120,"Clove","South","Low","Low"
"C","6/16/22","BO.a_C",116,0,1,3,6,NA,NA,NA,NA,NA,NA,NA,NA,NA,NA,NA,NA,116,9,0,120,"Clove","South","Low","Low"
"C","6/16/22","BP_C",68,0,1,7,NA,NA,NA,NA,NA,NA,NA,NA,NA,NA,NA,NA,NA,68,7,21,99,"Peppermint","Northeast","High","Low"
"C","6/16/22","BP_C",73,0,1,3,14,NA,NA,NA,NA,NA,NA,NA,NA,NA,NA,NA,NA,73,17,21,99,"Peppermint","Northeast","High","Low"
"C","6/16/22","BR_C",89,0,1,1,14,NA,NA,NA,NA,NA,NA,NA,NA,NA,NA,NA,NA,89,15,8,112,"Clove","South","Low","Low"
"C","6/16/22","FR.a_C",76,0,1,3,NA,NA,NA,NA,NA,NA,NA,NA,NA,NA,NA,NA,NA,76,3,35,85,"Clove","South","Low","Low"
"C","6/16/22","GG.a_C",70,0,1,2,NA,NA,NA,NA,NA,NA,NA,NA,NA,NA,NA,NA,NA,70,2,26,94,"Clove","South","Low","Low"
"C","6/16/22","GR.a_C",98,0,1,14,14,NA,NA,NA,NA,NA,NA,NA,NA,NA,NA,NA,NA,98,28,21,99,"Peppermint","Northeast","High","Low"
"C","6/16/22","GR.a_C",113,0,1,1,15,2,NA,NA,NA,NA,NA,NA,NA,NA,NA,NA,NA,113,18,21,99,"Peppermint","Northeast","High","Low"
"C","6/16/22","GW_C",112,0,1,5,NA,NA,NA,NA,NA,NA,NA,NA,NA,NA,NA,NA,NA,112,5,2,118,"Peppermint","Northeast","High","Low"
"C","6/16/22","OP.a_C",79,0,1,1,NA,NA,NA,NA,NA,NA,NA,NA,NA,NA,NA,NA,NA,79,1,15,105,"Clove","South","Low","Low"
"C","6/16/22","OP.a_C",88,0,1,1,1,1,2,NA,NA,NA,NA,NA,NA,NA,NA,NA,NA,88,5,15,105,"Clove","South","Low","Low"
"C","6/16/22","OP.a_C",99,0,1,1,3,2,1,NA,NA,NA,NA,NA,NA,NA,NA,NA,NA,99,7,15,105,"Clove","South","Low","Low"
"C","6/16/22","RB_C",35,0,1,3,NA,NA,NA,NA,NA,NA,NA,NA,NA,NA,NA,NA,NA,35,3,7,113,"Peppermint","Northeast","High","Low"
"C","6/16/22","RB_C",56,0,1,11,NA,NA,NA,NA,NA,NA,NA,NA,NA,NA,NA,NA,NA,56,11,7,113,"Peppermint","Northeast","High","Low"
"C","6/16/22","RB_C",81,0,1,4,NA,NA,NA,NA,NA,NA,NA,NA,NA,NA,NA,NA,NA,81,4,7,113,"Peppermint","Northeast","High","Low"
"C","6/16/22","RB_C",107,0,1,23,7,3,NA,NA,NA,NA,NA,NA,NA,NA,NA,NA,NA,107,33,7,113,"Peppermint","Northeast","High","Low"
"C","6/16/22","WB_C",74,0,1,7,NA,NA,NA,NA,NA,NA,NA,NA,NA,NA,NA,NA,NA,74,7,62,58,"Peppermint","Northeast","High","Low"
"C","6/16/22","WB_C",96,0,1,3,4,NA,NA,NA,NA,NA,NA,NA,NA,NA,NA,NA,NA,96,7,62,58,"Peppermint","Northeast","High","Low"
"C","6/17/22","_B.a_C",81,0,1,1,NA,NA,NA,NA,NA,NA,NA,NA,NA,NA,NA,NA,NA,81,1,14,106,"Clove","South","High","High"
"C","6/17/22","BB.a_C",32,0,1,3,NA,NA,NA,NA,NA,NA,NA,NA,NA,NA,NA,NA,NA,32,3,8,112,"Clove","South","High","High"
"C","6/17/22","BB.a_C",46,0,1,2,5,NA,NA,NA,NA,NA,NA,NA,NA,NA,NA,NA,NA,46,7,8,112,"Clove","South","High","High"
"C","6/17/22","BB.a_C",51,0,1,12,NA,NA,NA,NA,NA,NA,NA,NA,NA,NA,NA,NA,NA,51,12,8,112,"Clove","South","High","High"
"C","6/17/22","BB.a_C",79,0,1,4,2,13,19,NA,NA,NA,NA,NA,NA,NA,NA,NA,NA,79,38,8,112,"Clove","South","High","High"
"C","6/17/22","BB.a_C",86,0,1,9,NA,NA,NA,NA,NA,NA,NA,NA,NA,NA,NA,NA,NA,86,9,8,112,"Clove","South","High","High"
"C","6/17/22","BB.a_C",91,0,1,21,NA,NA,NA,NA,NA,NA,NA,NA,NA,NA,NA,NA,NA,91,21,8,112,"Clove","South","High","High"
"C","6/17/22","BB.a_C",97,0,1,4,4,NA,NA,NA,NA,NA,NA,NA,NA,NA,NA,NA,NA,97,8,8,112,"Clove","South","High","High"
"C","6/17/22","BB.a_C",102,0,1,8,10,NA,NA,NA,NA,NA,NA,NA,NA,NA,NA,NA,NA,102,18,8,112,"Clove","South","High","High"
"C","6/17/22","BB.a_C",107,0,1,5,7,10,8,7,NA,NA,NA,NA,NA,NA,NA,NA,NA,107,37,8,112,"Clove","South","High","High"
"C","6/17/22","BB.a_C",114,0,1,1,4,13,NA,NA,NA,NA,NA,NA,NA,NA,NA,NA,NA,114,18,8,112,"Clove","South","High","High"
"C","6/17/22","BB.a_C",119,0,1,19,NA,NA,NA,NA,NA,NA,NA,NA,NA,NA,NA,NA,NA,119,19,8,112,"Clove","South","High","High"
"C","6/17/22","BF_C",102,0,1,12,24,NA,NA,NA,NA,NA,NA,NA,NA,NA,NA,NA,NA,102,36,26,94,"Peppermint","Northeast","High","Low"
"C","6/17/22","BO.a_C",63,0,1,2,1,NA,NA,NA,NA,NA,NA,NA,NA,NA,NA,NA,NA,63,3,61,59,"Clove","South","High","High"
"C","6/17/22","BO.a_C",68,0,1,12,NA,NA,NA,NA,NA,NA,NA,NA,NA,NA,NA,NA,NA,68,12,61,59,"Clove","South","High","High"
"C","6/17/22","BO.a_C",108,0,1,21,NA,NA,NA,NA,NA,NA,NA,NA,NA,NA,NA,NA,NA,108,21,61,59,"Clove","South","High","High"
"C","6/17/22","BO.a_C",113,0,1,6,3,NA,NA,NA,NA,NA,NA,NA,NA,NA,NA,NA,NA,113,9,61,59,"Clove","South","High","High"
"C","6/17/22","BP_C",75,0,1,7,2,NA,NA,NA,NA,NA,NA,NA,NA,NA,NA,NA,NA,75,9,16,104,"Peppermint","Northeast","High","Low"
"C","6/17/22","BP_C",89,0,1,6,16,NA,NA,NA,NA,NA,NA,NA,NA,NA,NA,NA,NA,89,22,16,104,"Peppermint","Northeast","High","Low"
"C","6/17/22","BR_C",52,0,1,12,2,NA,NA,NA,NA,NA,NA,NA,NA,NA,NA,NA,NA,52,14,14,106,"Clove","South","High","High"
"C","6/17/22","BR_C",92,0,1,1,1,20,NA,NA,NA,NA,NA,NA,NA,NA,NA,NA,NA,92,22,14,106,"Clove","South","High","High"
"C","6/17/22","BR_C",98,0,1,1,NA,NA,NA,NA,NA,NA,NA,NA,NA,NA,NA,NA,NA,98,1,14,106,"Clove","South","High","High"
"C","6/17/22","BR_C",115,0,1,18,NA,NA,NA,NA,NA,NA,NA,NA,NA,NA,NA,NA,NA,115,18,14,106,"Clove","South","High","High"
"C","6/17/22","BW_C",100,0,1,14,NA,NA,NA,NA,NA,NA,NA,NA,NA,NA,NA,NA,NA,100,14,12,108,"Peppermint","Northeast","High","Low"
"C","6/17/22","FR.a_C",69,0,1,4,NA,NA,NA,NA,NA,NA,NA,NA,NA,NA,NA,NA,NA,69,4,23,97,"Clove","South","High","High"
"C","6/17/22","FR.a_C",76,0,1,10,NA,NA,NA,NA,NA,NA,NA,NA,NA,NA,NA,NA,NA,76,10,23,97,"Clove","South","High","High"
"C","6/17/22","FR.a_C",102,0,1,1,NA,NA,NA,NA,NA,NA,NA,NA,NA,NA,NA,NA,NA,102,1,23,97,"Clove","South","High","High"
"C","6/17/22","GG.a_C",78,0,1,7,2,NA,NA,NA,NA,NA,NA,NA,NA,NA,NA,NA,NA,78,9,2,118,"Clove","South","High","High"
"C","6/17/22","GG.a_C",109,0,1,9,NA,NA,NA,NA,NA,NA,NA,NA,NA,NA,NA,NA,NA,109,9,2,118,"Clove","South","High","High"
"C","6/17/22","GR.a_C",54,0,1,5,1,2,2,NA,NA,NA,NA,NA,NA,NA,NA,NA,NA,54,10,18,102,"Peppermint","Northeast","High","Low"
"C","6/17/22","GR.a_C",66,0,1,6,16,NA,NA,NA,NA,NA,NA,NA,NA,NA,NA,NA,NA,66,22,18,102,"Peppermint","Northeast","High","Low"
"C","6/17/22","OB_C",50,0,1,9,NA,NA,NA,NA,NA,NA,NA,NA,NA,NA,NA,NA,NA,50,9,7,113,"Clove","South","High","High"
"C","6/17/22","OP.a_C",71,0,1,4,NA,NA,NA,NA,NA,NA,NA,NA,NA,NA,NA,NA,NA,71,4,8,112,"Clove","South","High","High"
"C","6/17/22","OP.a_C",120,0,1,24,NA,NA,NA,NA,NA,NA,NA,NA,NA,NA,NA,NA,NA,120,24,8,112,"Clove","South","High","High"
"C","6/17/22","OY.a_C",46,0,1,1,NA,NA,NA,NA,NA,NA,NA,NA,NA,NA,NA,NA,NA,46,1,13,107,"Clove","South","High","High"
"C","6/17/22","OY.a_C",77,0,1,2,NA,NA,NA,NA,NA,NA,NA,NA,NA,NA,NA,NA,NA,77,2,13,107,"Clove","South","High","High"
"C","6/17/22","RB_C",33,0,1,10,NA,NA,NA,NA,NA,NA,NA,NA,NA,NA,NA,NA,NA,33,10,1,119,"Peppermint","Northeast","High","Low"
"C","6/17/22","YP_C",35,0,1,2,NA,NA,NA,NA,NA,NA,NA,NA,NA,NA,NA,NA,NA,35,2,29,91,"Clove","South","High","High"
"C","6/17/22","YP_C",68,0,1,2,NA,NA,NA,NA,NA,NA,NA,NA,NA,NA,NA,NA,NA,68,2,29,91,"Clove","South","High","High"
"C","6/17/22","YP_C",74,0,1,14,NA,NA,NA,NA,NA,NA,NA,NA,NA,NA,NA,NA,NA,74,14,29,91,"Clove","South","High","High"
"7B","7/18/22","BF.a_7B",14,36,1,3,NA,NA,NA,NA,NA,NA,NA,NA,NA,NA,NA,NA,NA,14.6,3,5,55,"Peppermint","Northeast","High","Low"
"7B","7/18/22","BF.a_7B",18,4,1,1,NA,NA,NA,NA,NA,NA,NA,NA,NA,NA,NA,NA,NA,18.0666666666667,1,5,55,"Peppermint","Northeast","High","Low"
"7B","7/18/22","BF.a_7B",35,43,1,1,NA,NA,NA,NA,NA,NA,NA,NA,NA,NA,NA,NA,NA,35.7166666666667,1,5,55,"Peppermint","Northeast","High","Low"
"7B","7/18/22","BF.a_7B",43,47,1,6,3,NA,NA,NA,NA,NA,NA,NA,NA,NA,NA,NA,NA,43.7833333333333,9,5,55,"Peppermint","Northeast","High","Low"
"7B","7/18/22","BF.a_7B",47,1,1,11,NA,NA,NA,NA,NA,NA,NA,NA,NA,NA,NA,NA,NA,47.0166666666667,11,5,55,"Peppermint","Northeast","High","Low"
"7B","7/18/22","BF.a_7B",50,29,1,30,1,NA,NA,NA,NA,NA,NA,NA,NA,NA,NA,NA,NA,50.4833333333333,31,5,55,"Peppermint","Northeast","High","Low"
"7B","7/18/22","BF.a_7B",59,26,1,8,7,7,4,NA,NA,NA,NA,NA,NA,NA,NA,NA,NA,59.4333333333333,26,5,55,"Peppermint","Northeast","High","Low"
"7B","7/18/22","BG_7B",25,42,1,2,2,NA,NA,NA,NA,NA,NA,NA,NA,NA,NA,NA,NA,25.7,4,2,58,"Peppermint","Northeast","High","Low"
"7B","7/18/22","BG_7B",29,45,1,1,6,2,NA,NA,NA,NA,NA,NA,NA,NA,NA,NA,NA,29.75,9,2,58,"Peppermint","Northeast","High","Low"
"7B","7/18/22","BG_7B",33,34,1,2,NA,NA,NA,NA,NA,NA,NA,NA,NA,NA,NA,NA,NA,33.5666666666667,2,2,58,"Peppermint","Northeast","High","Low"
"7B","7/18/22","BG_7B",41,34,1,2,NA,NA,NA,NA,NA,NA,NA,NA,NA,NA,NA,NA,NA,41.5666666666667,2,2,58,"Peppermint","Northeast","High","Low"
"7B","7/18/22","BG_7B",45,40,1,10,10,NA,NA,NA,NA,NA,NA,NA,NA,NA,NA,NA,NA,45.6666666666667,20,2,58,"Peppermint","Northeast","High","Low"
"7B","7/18/22","BG_7B",50,1,1,2,1,7,NA,NA,NA,NA,NA,NA,NA,NA,NA,NA,NA,50.0166666666667,10,2,58,"Peppermint","Northeast","High","Low"
"7B","7/18/22","BG_7B",54,13,1,7,4,NA,NA,NA,NA,NA,NA,NA,NA,NA,NA,NA,NA,54.2166666666667,11,2,58,"Peppermint","Northeast","High","Low"
"7B","7/18/22","BG_7B",57,57,1,7,3,13,NA,NA,NA,NA,NA,NA,NA,NA,NA,NA,NA,57.95,23,2,58,"Peppermint","Northeast","High","Low"
"7B","7/18/22","BO_7B",20,13,1,1,1,11,NA,NA,NA,NA,NA,NA,NA,NA,NA,NA,NA,20.2166666666667,13,8,52,"Peppermint","Northeast","High","Low"
"7B","7/18/22","BO_7B",24,25,1,1,NA,NA,NA,NA,NA,NA,NA,NA,NA,NA,NA,NA,NA,24.4166666666667,1,8,52,"Peppermint","Northeast","High","Low"
"7B","7/18/22","BO_7B",27,42,1,7,NA,NA,NA,NA,NA,NA,NA,NA,NA,NA,NA,NA,NA,27.7,7,8,52,"Peppermint","Northeast","High","Low"
"7B","7/18/22","BO_7B",31,35,1,2,11,NA,NA,NA,NA,NA,NA,NA,NA,NA,NA,NA,NA,31.5833333333333,13,8,52,"Peppermint","Northeast","High","Low"
"7B","7/18/22","BO_7B",35,36,1,9,NA,NA,NA,NA,NA,NA,NA,NA,NA,NA,NA,NA,NA,35.6,9,8,52,"Peppermint","Northeast","High","Low"
"7B","7/18/22","BO_7B",42,33,1,2,2,18,9,NA,NA,NA,NA,NA,NA,NA,NA,NA,NA,42.55,31,8,52,"Peppermint","Northeast","High","Low"
"7B","7/18/22","BO_7B",50,4,1,14,NA,NA,NA,NA,NA,NA,NA,NA,NA,NA,NA,NA,NA,50.0666666666667,14,8,52,"Peppermint","Northeast","High","Low"
"7B","7/18/22","BO_7B",53,46,1,9,NA,NA,NA,NA,NA,NA,NA,NA,NA,NA,NA,NA,NA,53.7666666666667,9,8,52,"Peppermint","Northeast","High","Low"
"7B","7/18/22","BO_7B",57,18,1,33,8,NA,NA,NA,NA,NA,NA,NA,NA,NA,NA,NA,NA,57.3,41,8,52,"Peppermint","Northeast","High","Low"
"7B","7/18/22","BP_7B",19,56,1,9,NA,NA,NA,NA,NA,NA,NA,NA,NA,NA,NA,NA,NA,19.9333333333333,9,2,58,"Peppermint","Northeast","High","Low"
"7B","7/18/22","BP_7B",23,27,1,4,7,NA,NA,NA,NA,NA,NA,NA,NA,NA,NA,NA,NA,23.45,11,2,58,"Peppermint","Northeast","High","Low"
"7B","7/18/22","BP_7B",27,8,1,1,NA,NA,NA,NA,NA,NA,NA,NA,NA,NA,NA,NA,NA,27.1333333333333,1,2,58,"Peppermint","Northeast","High","Low"
"7B","7/18/22","BP_7B",33,58,1,16,NA,NA,NA,NA,NA,NA,NA,NA,NA,NA,NA,NA,NA,33.9666666666667,16,2,58,"Peppermint","Northeast","High","Low"
"7B","7/18/22","BP_7B",38,7,1,13,NA,NA,NA,NA,NA,NA,NA,NA,NA,NA,NA,NA,NA,38.1166666666667,13,2,58,"Peppermint","Northeast","High","Low"
"7B","7/18/22","BP_7B",45,15,1,12,NA,NA,NA,NA,NA,NA,NA,NA,NA,NA,NA,NA,NA,45.25,12,2,58,"Peppermint","Northeast","High","Low"
"7B","7/18/22","BP_7B",52,19,1,19,NA,NA,NA,NA,NA,NA,NA,NA,NA,NA,NA,NA,NA,52.3166666666667,19,2,58,"Peppermint","Northeast","High","Low"
"7B","7/18/22","BP_7B",56,25,1,36,NA,NA,NA,NA,NA,NA,NA,NA,NA,NA,NA,NA,NA,56.4166666666667,36,2,58,"Peppermint","Northeast","High","Low"
"7B","7/18/22","BP.a_7B",11,25,1,1,1,NA,NA,NA,NA,NA,NA,NA,NA,NA,NA,NA,NA,11.4166666666667,2,6,54,"Peppermint","Northeast","High","Low"
"7B","7/18/22","BP.a_7B",19,38,1,4,NA,NA,NA,NA,NA,NA,NA,NA,NA,NA,NA,NA,NA,19.6333333333333,4,6,54,"Peppermint","Northeast","High","Low"
"7B","7/18/22","BP.a_7B",35,18,1,9,12,NA,NA,NA,NA,NA,NA,NA,NA,NA,NA,NA,NA,35.3,21,6,54,"Peppermint","Northeast","High","Low"
"7B","7/18/22","BP.a_7B",39,46,1,10,16,NA,NA,NA,NA,NA,NA,NA,NA,NA,NA,NA,NA,39.7666666666667,26,6,54,"Peppermint","Northeast","High","Low"
"7B","7/18/22","BP.a_7B",43,45,1,1,NA,NA,NA,NA,NA,NA,NA,NA,NA,NA,NA,NA,NA,43.75,1,6,54,"Peppermint","Northeast","High","Low"
"7B","7/18/22","BP.a_7B",52,7,1,17,NA,NA,NA,NA,NA,NA,NA,NA,NA,NA,NA,NA,NA,52.1166666666667,17,6,54,"Peppermint","Northeast","High","Low"
"7B","7/18/22","BP.a_7B",54,17,1,25,NA,NA,NA,NA,NA,NA,NA,NA,NA,NA,NA,NA,NA,54.2833333333333,25,6,54,"Peppermint","Northeast","High","Low"
"7B","7/18/22","BR_7B",55,14,1,5,5,9,NA,NA,NA,NA,NA,NA,NA,NA,NA,NA,NA,55.2333333333333,19,23,37,"Clove","South","High","Low"
"7B","7/18/22","BR_7B",59,9,1,2,NA,NA,NA,NA,NA,NA,NA,NA,NA,NA,NA,NA,NA,59.15,2,23,37,"Clove","South","High","Low"
"7B","7/18/22","BRR_7B",36,44,1,4,2,NA,NA,NA,NA,NA,NA,NA,NA,NA,NA,NA,NA,36.7333333333333,6,9,51,"Peppermint","Northeast","High","Low"
"7B","7/18/22","BRR_7B",52,43,1,1,NA,NA,NA,NA,NA,NA,NA,NA,NA,NA,NA,NA,NA,52.7166666666667,1,9,51,"Peppermint","Northeast","High","Low"
"7B","7/18/22","BRR_7B",56,0,1,8,NA,NA,NA,NA,NA,NA,NA,NA,NA,NA,NA,NA,NA,56,8,9,51,"Peppermint","Northeast","High","Low"
"7B","7/18/22","BW.a_7B",42,58,1,5,NA,NA,NA,NA,NA,NA,NA,NA,NA,NA,NA,NA,NA,42.9666666666667,5,19,41,"Clove","South","High","Low"
"7B","7/18/22","FF.a_7B",45,57,1,3,3,NA,NA,NA,NA,NA,NA,NA,NA,NA,NA,NA,NA,45.95,6,6,54,"Peppermint","Northeast","High","Low"
"7B","7/18/22","FF.a_7B",49,44,1,12,NA,NA,NA,NA,NA,NA,NA,NA,NA,NA,NA,NA,NA,49.7333333333333,12,6,54,"Peppermint","Northeast","High","Low"
"7B","7/18/22","FF.a_7B",53,13,1,15,NA,NA,NA,NA,NA,NA,NA,NA,NA,NA,NA,NA,NA,53.2166666666667,15,6,54,"Peppermint","Northeast","High","Low"
"7B","7/18/22","FFP_7B",9,4,1,19,6,3,7,2,4,1,1,8,3,1,1,NA,NA,9.06666666666667,56,7,53,"Clove","South","High","Low"
"7B","7/18/22","FFP_7B",16,15,1,1,1,1,22,2,1,NA,NA,NA,NA,NA,NA,NA,NA,16.25,28,7,53,"Clove","South","High","Low"
"7B","7/18/22","FFP_7B",21,44,1,5,1,NA,NA,NA,NA,NA,NA,NA,NA,NA,NA,NA,NA,21.7333333333333,6,7,53,"Clove","South","High","Low"
"7B","7/18/22","FFP_7B",25,34,1,14,43,4,10,1,NA,NA,NA,NA,NA,NA,NA,NA,NA,25.5666666666667,72,7,53,"Clove","South","High","Low"
"7B","7/18/22","FFP_7B",32,43,1,1,4,10,16,10,6,2,22,1,NA,NA,NA,NA,NA,32.7166666666667,72,7,53,"Clove","South","High","Low"
"7B","7/18/22","FFP_7B",39,33,1,19,1,1,NA,NA,NA,NA,NA,NA,NA,NA,NA,NA,NA,39.55,21,7,53,"Clove","South","High","Low"
"7B","7/18/22","FFP_7B",45,5,1,10,12,NA,NA,NA,NA,NA,NA,NA,NA,NA,NA,NA,NA,45.0833333333333,22,7,53,"Clove","South","High","Low"
"7B","7/18/22","FFP_7B",51,20,1,9,4,2,NA,NA,NA,NA,NA,NA,NA,NA,NA,NA,NA,51.3333333333333,15,7,53,"Clove","South","High","Low"
"7B","7/18/22","FR.a_7B",46,1,1,13,NA,NA,NA,NA,NA,NA,NA,NA,NA,NA,NA,NA,NA,46.0166666666667,13,10,50,"Clove","South","High","Low"
"7B","7/18/22","FY_7B",15,18,1,1,10,2,12,NA,NA,NA,NA,NA,NA,NA,NA,NA,NA,15.3,25,13,47,"Peppermint","Northeast","High","Low"
"7B","7/18/22","FY_7B",20,10,1,3,1,1,2,10,2,4,1,1,35,NA,NA,NA,NA,20.1666666666667,60,13,47,"Peppermint","Northeast","High","Low"
"7B","7/18/22","FY_7B",25,30,1,8,1,1,5,NA,NA,NA,NA,NA,NA,NA,NA,NA,NA,25.5,15,13,47,"Peppermint","Northeast","High","Low"
"7B","7/18/22","FY_7B",29,11,1,44,18,NA,NA,NA,NA,NA,NA,NA,NA,NA,NA,NA,NA,29.1833333333333,62,13,47,"Peppermint","Northeast","High","Low"
"7B","7/18/22","FY_7B",35,19,1,1,13,39,8,NA,NA,NA,NA,NA,NA,NA,NA,NA,NA,35.3166666666667,61,13,47,"Peppermint","Northeast","High","Low"
"7B","7/18/22","FY_7B",40,29,1,12,12,NA,NA,NA,NA,NA,NA,NA,NA,NA,NA,NA,NA,40.4833333333333,24,13,47,"Peppermint","Northeast","High","Low"
"7B","7/18/22","FY_7B",44,31,1,28,18,8,NA,NA,NA,NA,NA,NA,NA,NA,NA,NA,NA,44.5166666666667,54,13,47,"Peppermint","Northeast","High","Low"
"7B","7/18/22","FY_7B",49,28,1,11,NA,NA,NA,NA,NA,NA,NA,NA,NA,NA,NA,NA,NA,49.4666666666667,11,13,47,"Peppermint","Northeast","High","Low"
"7B","7/18/22","FYR_7B",10,25,1,3,5,NA,NA,NA,NA,NA,NA,NA,NA,NA,NA,NA,NA,10.4166666666667,8,8,52,"Peppermint","Northeast","High","Low"
"7B","7/18/22","FYR_7B",22,20,1,9,4,NA,NA,NA,NA,NA,NA,NA,NA,NA,NA,NA,NA,22.3333333333333,13,8,52,"Peppermint","Northeast","High","Low"
"7B","7/18/22","FYR_7B",27,18,1,1,2,10,1,NA,NA,NA,NA,NA,NA,NA,NA,NA,NA,27.3,14,8,52,"Peppermint","Northeast","High","Low"
"7B","7/18/22","FYR_7B",32,22,1,14,NA,NA,NA,NA,NA,NA,NA,NA,NA,NA,NA,NA,NA,32.3666666666667,14,8,52,"Peppermint","Northeast","High","Low"
"7B","7/18/22","FYR_7B",37,0,1,2,1,37,5,NA,NA,NA,NA,NA,NA,NA,NA,NA,NA,37,45,8,52,"Peppermint","Northeast","High","Low"
"7B","7/18/22","FYR_7B",43,3,1,6,16,NA,NA,NA,NA,NA,NA,NA,NA,NA,NA,NA,NA,43.05,22,8,52,"Peppermint","Northeast","High","Low"
"7B","7/18/22","FYR_7B",47,38,1,3,NA,NA,NA,NA,NA,NA,NA,NA,NA,NA,NA,NA,NA,47.6333333333333,3,8,52,"Peppermint","Northeast","High","Low"
"7B","7/18/22","FYR_7B",51,56,1,24,NA,NA,NA,NA,NA,NA,NA,NA,NA,NA,NA,NA,NA,51.9333333333333,24,8,52,"Peppermint","Northeast","High","Low"
"7B","7/18/22","FYR_7B",56,25,1,2,5,7,6,NA,NA,NA,NA,NA,NA,NA,NA,NA,NA,56.4166666666667,20,8,52,"Peppermint","Northeast","High","Low"
"7B","7/18/22","FYY_7B",49,3,1,15,NA,NA,NA,NA,NA,NA,NA,NA,NA,NA,NA,NA,NA,49.05,15,15,45,"Clove","South","High","Low"
"7B","7/18/22","FYY_7B",57,18,1,8,2,NA,NA,NA,NA,NA,NA,NA,NA,NA,NA,NA,NA,57.3,10,15,45,"Clove","South","High","Low"
"7B","7/18/22","GGW_7B",37,54,1,5,3,NA,NA,NA,NA,NA,NA,NA,NA,NA,NA,NA,NA,37.9,8,5,55,"Clove","South","High","Low"
"7B","7/18/22","GGW_7B",43,29,1,21,1,NA,NA,NA,NA,NA,NA,NA,NA,NA,NA,NA,NA,43.4833333333333,22,5,55,"Clove","South","High","Low"
"7B","7/18/22","GGW_7B",53,39,1,1,6,4,4,12,2,NA,NA,NA,NA,NA,NA,NA,NA,53.65,29,5,55,"Clove","South","High","Low"
"7B","7/18/22","GGW_7B",58,59,1,7,15,34,NA,NA,NA,NA,NA,NA,NA,NA,NA,NA,NA,58.9833333333333,56,5,55,"Clove","South","High","Low"
"7B","7/18/22","GO_7B",18,11,1,17,4,10,5,NA,NA,NA,NA,NA,NA,NA,NA,NA,NA,18.1833333333333,36,16,44,"Peppermint","Northeast","High","Low"
"7B","7/18/22","GO_7B",23,7,1,1,1,21,11,17,2,NA,NA,NA,NA,NA,NA,NA,NA,23.1166666666667,53,16,44,"Peppermint","Northeast","High","Low"
"7B","7/18/22","GO_7B",28,13,1,16,NA,NA,NA,NA,NA,NA,NA,NA,NA,NA,NA,NA,NA,28.2166666666667,16,16,44,"Peppermint","Northeast","High","Low"
"7B","7/18/22","GO_7B",32,47,1,28,NA,NA,NA,NA,NA,NA,NA,NA,NA,NA,NA,NA,NA,32.7833333333333,28,16,44,"Peppermint","Northeast","High","Low"
"7B","7/18/22","GO_7B",41,33,1,52,NA,NA,NA,NA,NA,NA,NA,NA,NA,NA,NA,NA,NA,41.55,52,16,44,"Peppermint","Northeast","High","Low"
"7B","7/18/22","GO_7B",46,24,1,3,8,14,20,14,11,11,NA,NA,NA,NA,NA,NA,NA,46.4,81,16,44,"Peppermint","Northeast","High","Low"
"7B","7/18/22","GO_7B",53,22,1,21,NA,NA,NA,NA,NA,NA,NA,NA,NA,NA,NA,NA,NA,53.3666666666667,21,16,44,"Peppermint","Northeast","High","Low"
"7B","7/18/22","GO_7B",57,44,1,2,5,5,32,NA,NA,NA,NA,NA,NA,NA,NA,NA,NA,57.7333333333333,44,16,44,"Peppermint","Northeast","High","Low"
"7B","7/18/22","GP.a_7B",20,42,1,1,4,NA,NA,NA,NA,NA,NA,NA,NA,NA,NA,NA,NA,20.7,5,7,53,"Peppermint","Northeast","High","Low"
"7B","7/18/22","GP.a_7B",24,20,1,4,NA,NA,NA,NA,NA,NA,NA,NA,NA,NA,NA,NA,NA,24.3333333333333,4,7,53,"Peppermint","Northeast","High","Low"
"7B","7/18/22","GP.a_7B",35,34,1,7,NA,NA,NA,NA,NA,NA,NA,NA,NA,NA,NA,NA,NA,35.5666666666667,7,7,53,"Peppermint","Northeast","High","Low"
"7B","7/18/22","GP.a_7B",38,55,1,7,NA,NA,NA,NA,NA,NA,NA,NA,NA,NA,NA,NA,NA,38.9166666666667,7,7,53,"Peppermint","Northeast","High","Low"
"7B","7/18/22","GP.a_7B",46,16,1,3,17,NA,NA,NA,NA,NA,NA,NA,NA,NA,NA,NA,NA,46.2666666666667,20,7,53,"Peppermint","Northeast","High","Low"
"7B","7/18/22","GP.a_7B",50,12,1,24,NA,NA,NA,NA,NA,NA,NA,NA,NA,NA,NA,NA,NA,50.2,24,7,53,"Peppermint","Northeast","High","Low"
"7B","7/18/22","GP.a_7B",54,21,1,6,NA,NA,NA,NA,NA,NA,NA,NA,NA,NA,NA,NA,NA,54.35,6,7,53,"Peppermint","Northeast","High","Low"
"7B","7/18/22","GR_7B",47,19,1,9,NA,NA,NA,NA,NA,NA,NA,NA,NA,NA,NA,NA,NA,47.3166666666667,9,3,57,"Peppermint","Northeast","High","Low"
"7B","7/18/22","GR_7B",57,25,1,2,21,NA,NA,NA,NA,NA,NA,NA,NA,NA,NA,NA,NA,57.4166666666667,23,3,57,"Peppermint","Northeast","High","Low"
"7B","7/18/22","OB_7B",8,26,1,2,NA,NA,NA,NA,NA,NA,NA,NA,NA,NA,NA,NA,NA,8.43333333333333,2,11,49,"Peppermint","Northeast","High","Low"
"7B","7/18/22","OB_7B",12,17,1,2,NA,NA,NA,NA,NA,NA,NA,NA,NA,NA,NA,NA,NA,12.2833333333333,2,11,49,"Peppermint","Northeast","High","Low"
"7B","7/18/22","OB_7B",22,27,1,3,NA,NA,NA,NA,NA,NA,NA,NA,NA,NA,NA,NA,NA,22.45,3,11,49,"Peppermint","Northeast","High","Low"
"7B","7/18/22","OB_7B",34,2,1,2,4,1,2,NA,NA,NA,NA,NA,NA,NA,NA,NA,NA,34.0333333333333,9,11,49,"Peppermint","Northeast","High","Low"
"7B","7/18/22","OB_7B",37,36,1,3,17,23,NA,NA,NA,NA,NA,NA,NA,NA,NA,NA,NA,37.6,43,11,49,"Peppermint","Northeast","High","Low"
"7B","7/18/22","OB_7B",42,40,1,9,NA,NA,NA,NA,NA,NA,NA,NA,NA,NA,NA,NA,NA,42.6666666666667,9,11,49,"Peppermint","Northeast","High","Low"
"7B","7/18/22","OB_7B",50,12,1,15,NA,NA,NA,NA,NA,NA,NA,NA,NA,NA,NA,NA,NA,50.2,15,11,49,"Peppermint","Northeast","High","Low"
"7B","7/18/22","OB_7B",53,57,1,22,2,9,12,5,NA,NA,NA,NA,NA,NA,NA,NA,NA,53.95,50,11,49,"Peppermint","Northeast","High","Low"
"7B","7/18/22","OB_7B",59,19,1,9,NA,NA,NA,NA,NA,NA,NA,NA,NA,NA,NA,NA,NA,59.3166666666667,9,11,49,"Peppermint","Northeast","High","Low"
"7B","7/18/22","OP_7B",36,2,1,6,NA,NA,NA,NA,NA,NA,NA,NA,NA,NA,NA,NA,NA,36.0333333333333,6,17,43,"Peppermint","Northeast","High","Low"
"7B","7/18/22","OP_7B",39,44,1,12,1,NA,NA,NA,NA,NA,NA,NA,NA,NA,NA,NA,NA,39.7333333333333,13,17,43,"Peppermint","Northeast","High","Low"
"7B","7/18/22","OP_7B",47,54,1,6,NA,NA,NA,NA,NA,NA,NA,NA,NA,NA,NA,NA,NA,47.9,6,17,43,"Peppermint","Northeast","High","Low"
"7B","7/18/22","OP_7B",51,29,1,8,7,NA,NA,NA,NA,NA,NA,NA,NA,NA,NA,NA,NA,51.4833333333333,15,17,43,"Peppermint","Northeast","High","Low"
"7B","7/18/22","OP_7B",55,57,1,7,3,NA,NA,NA,NA,NA,NA,NA,NA,NA,NA,NA,NA,55.95,10,17,43,"Peppermint","Northeast","High","Low"
"7B","7/18/22","OF.a_7B",21,20,1,1,NA,NA,NA,NA,NA,NA,NA,NA,NA,NA,NA,NA,NA,21.3333333333333,1,5,55,"Peppermint","Northeast","High","Low"
"7B","7/18/22","OF.a_7B",37,27,1,4,NA,NA,NA,NA,NA,NA,NA,NA,NA,NA,NA,NA,NA,37.45,4,5,55,"Peppermint","Northeast","High","Low"
"7B","7/18/22","OF.a_7B",47,34,1,24,NA,NA,NA,NA,NA,NA,NA,NA,NA,NA,NA,NA,NA,47.5666666666667,24,5,55,"Peppermint","Northeast","High","Low"
"7B","7/18/22","OF.a_7B",51,53,1,21,NA,NA,NA,NA,NA,NA,NA,NA,NA,NA,NA,NA,NA,51.8833333333333,21,5,55,"Peppermint","Northeast","High","Low"
"7B","7/18/22","OF.a_7B",55,43,1,4,20,NA,NA,NA,NA,NA,NA,NA,NA,NA,NA,NA,NA,55.7166666666667,24,5,55,"Peppermint","Northeast","High","Low"
"7B","7/18/22","OF.a_7B",59,59,1,11,NA,NA,NA,NA,NA,NA,NA,NA,NA,NA,NA,NA,NA,59.9833333333333,11,5,55,"Peppermint","Northeast","High","Low"
"7B","7/18/22","PF_7B",37,55,1,9,NA,NA,NA,NA,NA,NA,NA,NA,NA,NA,NA,NA,NA,37.9166666666667,9,11,49,"Peppermint","Northeast","High","Low"
"7B","7/18/22","PF_7B",45,48,1,15,NA,NA,NA,NA,NA,NA,NA,NA,NA,NA,NA,NA,NA,45.8,15,11,49,"Peppermint","Northeast","High","Low"
"7B","7/18/22","PF_7B",49,30,1,12,NA,NA,NA,NA,NA,NA,NA,NA,NA,NA,NA,NA,NA,49.5,12,11,49,"Peppermint","Northeast","High","Low"
"7B","7/18/22","PF_7B",58,54,1,10,NA,NA,NA,NA,NA,NA,NA,NA,NA,NA,NA,NA,NA,58.9,10,11,49,"Peppermint","Northeast","High","Low"
"7B","7/18/22","PF.big_7B",6,38,1,1,1,NA,NA,NA,NA,NA,NA,NA,NA,NA,NA,NA,NA,6.63333333333333,2,4,56,"Peppermint","Northeast","High","Low"
"7B","7/18/22","PF.big_7B",20,56,1,1,6,NA,NA,NA,NA,NA,NA,NA,NA,NA,NA,NA,NA,20.9333333333333,7,4,56,"Peppermint","Northeast","High","Low"
"7B","7/18/22","PF.big_7B",28,19,1,7,NA,NA,NA,NA,NA,NA,NA,NA,NA,NA,NA,NA,NA,28.3166666666667,7,4,56,"Peppermint","Northeast","High","Low"
"7B","7/18/22","PF.big_7B",43,48,1,1,24,NA,NA,NA,NA,NA,NA,NA,NA,NA,NA,NA,NA,43.8,25,4,56,"Peppermint","Northeast","High","Low"
"7B","7/18/22","PF.big_7B",54,40,1,17,18,NA,NA,NA,NA,NA,NA,NA,NA,NA,NA,NA,NA,54.6666666666667,35,4,56,"Peppermint","Northeast","High","Low"
"7B","7/18/22","PG_7B",11,45,1,1,NA,NA,NA,NA,NA,NA,NA,NA,NA,NA,NA,NA,NA,11.75,1,15,45,"Peppermint","Northeast","High","Low"
"7B","7/18/22","PG_7B",43,8,1,4,4,NA,NA,NA,NA,NA,NA,NA,NA,NA,NA,NA,NA,43.1333333333333,8,15,45,"Peppermint","Northeast","High","Low"
"7B","7/18/22","PG_7B",49,14,1,4,NA,NA,NA,NA,NA,NA,NA,NA,NA,NA,NA,NA,NA,49.2333333333333,4,15,45,"Peppermint","Northeast","High","Low"
"7B","7/18/22","PG_7B",52,21,1,2,NA,NA,NA,NA,NA,NA,NA,NA,NA,NA,NA,NA,NA,52.35,2,15,45,"Peppermint","Northeast","High","Low"
"7B","7/18/22","PG_7B",55,35,1,1,10,NA,NA,NA,NA,NA,NA,NA,NA,NA,NA,NA,NA,55.5833333333333,11,15,45,"Peppermint","Northeast","High","Low"
"7B","7/18/22","PGG_7B",11,13,1,3,1,1,6,1,NA,NA,NA,NA,NA,NA,NA,NA,NA,11.2166666666667,12,15,45,"Peppermint","Northeast","High","Low"
"7B","7/18/22","PGG_7B",48,46,1,3,7,2,NA,NA,NA,NA,NA,NA,NA,NA,NA,NA,NA,48.7666666666667,12,15,45,"Peppermint","Northeast","High","Low"
"7B","7/18/22","PR_7B",43,49,1,2,24,NA,NA,NA,NA,NA,NA,NA,NA,NA,NA,NA,NA,43.8166666666667,26,6,54,"Clove","South","High","Low"
"7B","7/18/22","PY.u_7B",9,32,1,3,2,1,8,NA,NA,NA,NA,NA,NA,NA,NA,NA,NA,9.53333333333333,14,12,48,"Peppermint","Northeast","High","Low"
"7B","7/18/22","PY.u_7B",14,28,1,1,NA,NA,NA,NA,NA,NA,NA,NA,NA,NA,NA,NA,NA,14.4666666666667,1,12,48,"Peppermint","Northeast","High","Low"
"7B","7/18/22","PY.u_7B",18,24,1,5,NA,NA,NA,NA,NA,NA,NA,NA,NA,NA,NA,NA,NA,18.4,5,12,48,"Peppermint","Northeast","High","Low"
"7B","7/18/22","PY.u_7B",22,41,1,1,1,2,6,7,NA,NA,NA,NA,NA,NA,NA,NA,NA,22.6833333333333,17,12,48,"Peppermint","Northeast","High","Low"
"7B","7/18/22","PY.u_7B",26,49,1,1,2,8,6,5,13,4,NA,NA,NA,NA,NA,NA,NA,26.8166666666667,39,12,48,"Peppermint","Northeast","High","Low"
"7B","7/18/22","PY.u_7B",31,22,1,1,1,NA,NA,NA,NA,NA,NA,NA,NA,NA,NA,NA,NA,31.3666666666667,2,12,48,"Peppermint","Northeast","High","Low"
"7B","7/18/22","PY.u_7B",34,45,1,5,NA,NA,NA,NA,NA,NA,NA,NA,NA,NA,NA,NA,NA,34.75,5,12,48,"Peppermint","Northeast","High","Low"
"7B","7/18/22","PY.u_7B",45,0,1,13,NA,NA,NA,NA,NA,NA,NA,NA,NA,NA,NA,NA,NA,45,13,12,48,"Peppermint","Northeast","High","Low"
"7B","7/18/22","PY.u_7B",48,29,1,7,NA,NA,NA,NA,NA,NA,NA,NA,NA,NA,NA,NA,NA,48.4833333333333,7,12,48,"Peppermint","Northeast","High","Low"
"7B","7/18/22","PY.u_7B",51,47,1,2,NA,NA,NA,NA,NA,NA,NA,NA,NA,NA,NA,NA,NA,51.7833333333333,2,12,48,"Peppermint","Northeast","High","Low"
"7B","7/18/22","PYY_7B",52,6,1,17,NA,NA,NA,NA,NA,NA,NA,NA,NA,NA,NA,NA,NA,52.1,17,15,45,"Peppermint","Northeast","High","Low"
"7B","7/18/22","PYY_7B",55,52,1,8,NA,NA,NA,NA,NA,NA,NA,NA,NA,NA,NA,NA,NA,55.8666666666667,8,15,45,"Peppermint","Northeast","High","Low"
"7B","7/18/22","RB_7B",32,22,1,2,NA,NA,NA,NA,NA,NA,NA,NA,NA,NA,NA,NA,NA,32.3666666666667,2,7,53,"Peppermint","Northeast","High","Low"
"7B","7/18/22","RB_7B",36,19,1,2,2,7,NA,NA,NA,NA,NA,NA,NA,NA,NA,NA,NA,36.3166666666667,11,7,53,"Peppermint","Northeast","High","Low"
"7B","7/18/22","RB_7B",40,10,1,1,NA,NA,NA,NA,NA,NA,NA,NA,NA,NA,NA,NA,NA,40.1666666666667,1,7,53,"Peppermint","Northeast","High","Low"
"7B","7/18/22","RB_7B",43,30,1,4,5,NA,NA,NA,NA,NA,NA,NA,NA,NA,NA,NA,NA,43.5,9,7,53,"Peppermint","Northeast","High","Low"
"7B","7/18/22","RF_7B",8,11,1,4,NA,NA,NA,NA,NA,NA,NA,NA,NA,NA,NA,NA,NA,8.18333333333333,4,6,54,"Peppermint","Northeast","High","Low"
"7B","7/18/22","RF_7B",20,27,1,6,NA,NA,NA,NA,NA,NA,NA,NA,NA,NA,NA,NA,NA,20.45,6,6,54,"Peppermint","Northeast","High","Low"
"7B","7/18/22","RF_7B",40,56,1,5,NA,NA,NA,NA,NA,NA,NA,NA,NA,NA,NA,NA,NA,40.9333333333333,5,6,54,"Peppermint","Northeast","High","Low"
"7B","7/18/22","RF_7B",47,55,1,13,NA,NA,NA,NA,NA,NA,NA,NA,NA,NA,NA,NA,NA,47.9166666666667,13,6,54,"Peppermint","Northeast","High","Low"
"7B","7/18/22","RF_7B",51,34,1,18,NA,NA,NA,NA,NA,NA,NA,NA,NA,NA,NA,NA,NA,51.5666666666667,18,6,54,"Peppermint","Northeast","High","Low"
"7B","7/18/22","RF_7B",55,39,1,5,NA,NA,NA,NA,NA,NA,NA,NA,NA,NA,NA,NA,NA,55.65,5,6,54,"Peppermint","Northeast","High","Low"
"7B","7/18/22","RF_7B",59,24,1,3,11,NA,NA,NA,NA,NA,NA,NA,NA,NA,NA,NA,NA,59.4,14,6,54,"Peppermint","Northeast","High","Low"
"7B","7/18/22","RO_7B",21,34,1,3,NA,NA,NA,NA,NA,NA,NA,NA,NA,NA,NA,NA,NA,21.5666666666667,3,7,53,"Peppermint","Northeast","High","Low"
"7B","7/18/22","RO_7B",24,55,1,2,NA,NA,NA,NA,NA,NA,NA,NA,NA,NA,NA,NA,NA,24.9166666666667,2,7,53,"Peppermint","Northeast","High","Low"
"7B","7/18/22","RO_7B",28,6,1,11,6,NA,NA,NA,NA,NA,NA,NA,NA,NA,NA,NA,NA,28.1,17,7,53,"Peppermint","Northeast","High","Low"
"7B","7/18/22","RO_7B",31,59,1,39,NA,NA,NA,NA,NA,NA,NA,NA,NA,NA,NA,NA,NA,31.9833333333333,39,7,53,"Peppermint","Northeast","High","Low"
"7B","7/18/22","RO_7B",43,14,1,24,NA,NA,NA,NA,NA,NA,NA,NA,NA,NA,NA,NA,NA,43.2333333333333,24,7,53,"Peppermint","Northeast","High","Low"
"7B","7/18/22","RWR_7B",59,6,1,1,10,NA,NA,NA,NA,NA,NA,NA,NA,NA,NA,NA,NA,59.1,11,8,52,"Peppermint","Northeast","High","Low"
"7B","7/18/22","WGR_7B",13,40,1,5,1,1,2,3,NA,NA,NA,NA,NA,NA,NA,NA,NA,13.6666666666667,12,7,53,"Peppermint","Northeast","High","Low"
"7B","7/18/22","WGR_7B",18,9,1,6,2,NA,NA,NA,NA,NA,NA,NA,NA,NA,NA,NA,NA,18.15,8,7,53,"Peppermint","Northeast","High","Low"
"7B","7/18/22","WGR_7B",22,38,1,1,NA,NA,NA,NA,NA,NA,NA,NA,NA,NA,NA,NA,NA,22.6333333333333,1,7,53,"Peppermint","Northeast","High","Low"
"7B","7/18/22","WGR_7B",29,59,1,2,11,NA,NA,NA,NA,NA,NA,NA,NA,NA,NA,NA,NA,29.9833333333333,13,7,53,"Peppermint","Northeast","High","Low"
"7B","7/18/22","WGR_7B",34,16,1,1,5,11,1,NA,NA,NA,NA,NA,NA,NA,NA,NA,NA,34.2666666666667,18,7,53,"Peppermint","Northeast","High","Low"
"7B","7/18/22","WGR_7B",46,13,1,7,NA,NA,NA,NA,NA,NA,NA,NA,NA,NA,NA,NA,NA,46.2166666666667,7,7,53,"Peppermint","Northeast","High","Low"
"7B","7/18/22","WGR_7B",50,16,1,9,NA,NA,NA,NA,NA,NA,NA,NA,NA,NA,NA,NA,NA,50.2666666666667,9,7,53,"Peppermint","Northeast","High","Low"
"7B","7/18/22","WGR_7B",53,58,1,3,15,NA,NA,NA,NA,NA,NA,NA,NA,NA,NA,NA,NA,53.9666666666667,18,7,53,"Peppermint","Northeast","High","Low"
"7B","7/18/22","WOO_7B",11,49,1,1,NA,NA,NA,NA,NA,NA,NA,NA,NA,NA,NA,NA,NA,11.8166666666667,1,6,54,"Peppermint","Northeast","High","Low"
"7B","7/18/22","WOO_7B",14,52,1,2,1,1,4,NA,NA,NA,NA,NA,NA,NA,NA,NA,NA,14.8666666666667,8,6,54,"Peppermint","Northeast","High","Low"
"7B","7/18/22","WOO_7B",19,18,1,2,1,5,1,2,NA,NA,NA,NA,NA,NA,NA,NA,NA,19.3,11,6,54,"Peppermint","Northeast","High","Low"
"7B","7/18/22","WOO_7B",30,16,1,10,NA,NA,NA,NA,NA,NA,NA,NA,NA,NA,NA,NA,NA,30.2666666666667,10,6,54,"Peppermint","Northeast","High","Low"
"7B","7/18/22","WOO_7B",33,55,1,2,NA,NA,NA,NA,NA,NA,NA,NA,NA,NA,NA,NA,NA,33.9166666666667,2,6,54,"Peppermint","Northeast","High","Low"
"7B","7/18/22","WOO_7B",37,24,1,11,NA,NA,NA,NA,NA,NA,NA,NA,NA,NA,NA,NA,NA,37.4,11,6,54,"Peppermint","Northeast","High","Low"
"7B","7/18/22","WOO_7B",44,31,1,8,3,2,11,NA,NA,NA,NA,NA,NA,NA,NA,NA,NA,44.5166666666667,24,6,54,"Peppermint","Northeast","High","Low"
"7B","7/18/22","WOO_7B",48,39,1,11,NA,NA,NA,NA,NA,NA,NA,NA,NA,NA,NA,NA,NA,48.65,11,6,54,"Peppermint","Northeast","High","Low"
"7B","7/18/22","WOO_7B",52,16,1,2,18,NA,NA,NA,NA,NA,NA,NA,NA,NA,NA,NA,NA,52.2666666666667,20,6,54,"Peppermint","Northeast","High","Low"
"7B","7/18/22","WOO_7B",55,54,1,2,7,NA,NA,NA,NA,NA,NA,NA,NA,NA,NA,NA,NA,55.9,9,6,54,"Peppermint","Northeast","High","Low"
"7B","7/18/22","WOY_7B",9,35,1,2,2,10,1,7,NA,NA,NA,NA,NA,NA,NA,NA,NA,9.58333333333333,22,8,52,"Peppermint","Northeast","High","Low"
"7B","7/18/22","WOY_7B",12,56,1,6,13,5,5,NA,NA,NA,NA,NA,NA,NA,NA,NA,NA,12.9333333333333,29,8,52,"Peppermint","Northeast","High","Low"
"7B","7/18/22","WOY_7B",20,51,1,3,7,6,6,2,1,NA,NA,NA,NA,NA,NA,NA,NA,20.85,25,8,52,"Peppermint","Northeast","High","Low"
"7B","7/18/22","WOY_7B",31,23,1,3,21,NA,NA,NA,NA,NA,NA,NA,NA,NA,NA,NA,NA,31.3833333333333,24,8,52,"Peppermint","Northeast","High","Low"
"7B","7/18/22","WOY_7B",35,9,1,5,5,6,4,3,1,NA,NA,NA,NA,NA,NA,NA,NA,35.15,24,8,52,"Peppermint","Northeast","High","Low"
"7B","7/18/22","WOY_7B",39,17,1,10,4,NA,NA,NA,NA,NA,NA,NA,NA,NA,NA,NA,NA,39.2833333333333,14,8,52,"Peppermint","Northeast","High","Low"
"7B","7/18/22","WOY_7B",46,48,1,6,NA,NA,NA,NA,NA,NA,NA,NA,NA,NA,NA,NA,NA,46.8,6,8,52,"Peppermint","Northeast","High","Low"
"7B","7/18/22","WOY_7B",50,4,1,4,4,2,NA,NA,NA,NA,NA,NA,NA,NA,NA,NA,NA,50.0666666666667,10,8,52,"Peppermint","Northeast","High","Low"
"7B","7/18/22","WOY_7B",53,21,1,4,NA,NA,NA,NA,NA,NA,NA,NA,NA,NA,NA,NA,NA,53.35,4,8,52,"Peppermint","Northeast","High","Low"
"7B","7/18/22","WOY_7B",56,49,1,9,1,1,NA,NA,NA,NA,NA,NA,NA,NA,NA,NA,NA,56.8166666666667,11,8,52,"Peppermint","Northeast","High","Low"
"7B","7/18/22","WR.a_7B",21,11,1,2,2,3,1,1,13,1,3,7,NA,NA,NA,NA,NA,21.1833333333333,33,12,48,"Peppermint","Northeast","High","Low"
"7B","7/18/22","WR.a_7B",26,18,1,2,18,NA,NA,NA,NA,NA,NA,NA,NA,NA,NA,NA,NA,26.3,20,12,48,"Peppermint","Northeast","High","Low"
"7B","7/18/22","WR.a_7B",30,26,1,1,7,4,23,17,NA,NA,NA,NA,NA,NA,NA,NA,NA,30.4333333333333,52,12,48,"Peppermint","Northeast","High","Low"
"7B","7/18/22","WR.a_7B",35,35,1,1,7,NA,NA,NA,NA,NA,NA,NA,NA,NA,NA,NA,NA,35.5833333333333,8,12,48,"Peppermint","Northeast","High","Low"
"7B","7/18/22","WR.a_7B",39,2,1,62,NA,NA,NA,NA,NA,NA,NA,NA,NA,NA,NA,NA,NA,39.0333333333333,62,12,48,"Peppermint","Northeast","High","Low"
"7B","7/18/22","WR.a_7B",44,7,1,15,10,16,15,NA,NA,NA,NA,NA,NA,NA,NA,NA,NA,44.1166666666667,56,12,48,"Peppermint","Northeast","High","Low"
"7B","7/18/22","WR.a_7B",49,22,1,7,13,12,22,NA,NA,NA,NA,NA,NA,NA,NA,NA,NA,49.3666666666667,54,12,48,"Peppermint","Northeast","High","Low"
"7B","7/18/22","WR.a_7B",54,37,1,5,2,5,14,19,NA,NA,NA,NA,NA,NA,NA,NA,NA,54.6166666666667,45,12,48,"Peppermint","Northeast","High","Low"
"7B","7/18/22","WR.a_7B",59,35,1,8,27,10,9,NA,NA,NA,NA,NA,NA,NA,NA,NA,NA,59.5833333333333,54,12,48,"Peppermint","Northeast","High","Low"
"7B","7/18/22","WRR_7B",50,38,1,12,NA,NA,NA,NA,NA,NA,NA,NA,NA,NA,NA,NA,NA,50.6333333333333,12,17,43,"Peppermint","Northeast","High","Low"
"7B","7/18/22","WY.a_7B",11,36,1,1,1,2,NA,NA,NA,NA,NA,NA,NA,NA,NA,NA,NA,11.6,4,9,51,"Clove","South","High","Low"
"7B","7/18/22","WY.a_7B",33,33,1,1,2,3,NA,NA,NA,NA,NA,NA,NA,NA,NA,NA,NA,33.55,6,9,51,"Clove","South","High","Low"
"7B","7/18/22","WY.a_7B",41,32,1,21,1,NA,NA,NA,NA,NA,NA,NA,NA,NA,NA,NA,NA,41.5333333333333,22,9,51,"Clove","South","High","Low"
"7B","7/18/22","WY.a_7B",46,25,1,6,12,NA,NA,NA,NA,NA,NA,NA,NA,NA,NA,NA,NA,46.4166666666667,18,9,51,"Clove","South","High","Low"
"7B","7/18/22","WY.a_7B",54,19,1,10,12,13,6,8,NA,NA,NA,NA,NA,NA,NA,NA,NA,54.3166666666667,49,9,51,"Clove","South","High","Low"
"7B","7/18/22","YB_7B",28,39,1,8,NA,NA,NA,NA,NA,NA,NA,NA,NA,NA,NA,NA,NA,28.65,8,10,50,"Peppermint","Northeast","High","Low"
"7B","7/18/22","YB_7B",31,46,1,6,23,11,NA,NA,NA,NA,NA,NA,NA,NA,NA,NA,NA,31.7666666666667,40,10,50,"Peppermint","Northeast","High","Low"
"7B","7/18/22","YB_7B",40,27,1,8,11,9,9,NA,NA,NA,NA,NA,NA,NA,NA,NA,NA,40.45,37,10,50,"Peppermint","Northeast","High","Low"
"7B","7/18/22","YB_7B",45,15,1,26,16,NA,NA,NA,NA,NA,NA,NA,NA,NA,NA,NA,NA,45.25,42,10,50,"Peppermint","Northeast","High","Low"
"7B","7/18/22","YF_7B",48,54,1,NA,NA,NA,NA,NA,NA,NA,NA,NA,NA,NA,NA,NA,NA,48.9,0,7,53,"Peppermint","Northeast","High","Low"
"7B","7/18/22","YP.a_7B",4,43,1,6,4,3,1,3,3,1,1,1,1,2,NA,NA,NA,4.71666666666667,26,2,58,"Peppermint","Northeast","High","Low"
"7B","7/18/22","YP.a_7B",10,35,1,5,2,12,5,8,12,1,5,5,9,NA,NA,NA,NA,10.5833333333333,64,2,58,"Peppermint","Northeast","High","Low"
"7B","7/18/22","YP.a_7B",16,15,1,7,17,8,4,15,1,19,14,32,NA,NA,NA,NA,NA,16.25,117,2,58,"Peppermint","Northeast","High","Low"
"7B","7/18/22","YP.a_7B",23,3,1,1,1,47,1,34,6,9,NA,NA,NA,NA,NA,NA,NA,23.05,99,2,58,"Peppermint","Northeast","High","Low"
"7B","7/18/22","YP.a_7B",29,22,1,31,NA,NA,NA,NA,NA,NA,NA,NA,NA,NA,NA,NA,NA,29.3666666666667,31,2,58,"Peppermint","Northeast","High","Low"
"7B","7/18/22","YP.a_7B",37,55,1,40,NA,NA,NA,NA,NA,NA,NA,NA,NA,NA,NA,NA,NA,37.9166666666667,40,2,58,"Peppermint","Northeast","High","Low"
"7B","7/18/22","YP.a_7B",42,20,1,7,8,23,25,12,NA,NA,NA,NA,NA,NA,NA,NA,NA,42.3333333333333,75,2,58,"Peppermint","Northeast","High","Low"
"7B","7/18/22","YP.a_7B",49,12,1,18,17,20,22,7,23,NA,NA,NA,NA,NA,NA,NA,NA,49.2,107,2,58,"Peppermint","Northeast","High","Low"
"7B","7/18/22","YP.a_7B",56,18,1,56,NA,NA,NA,NA,NA,NA,NA,NA,NA,NA,NA,NA,NA,56.3,56,2,58,"Peppermint","Northeast","High","Low"
"7B","7/19/22","BF.a_7B",6,31,1,1,7,1,NA,NA,NA,NA,NA,NA,NA,NA,NA,NA,NA,6.51666666666667,9,4,56,"Peppermint","Northeast","High","High"
"7B","7/19/22","BF.a_7B",11,18,1,6,8,NA,NA,NA,NA,NA,NA,NA,NA,NA,NA,NA,NA,11.3,14,4,56,"Peppermint","Northeast","High","High"
"7B","7/19/22","BF.a_7B",15,0,1,2,2,1,13,11,NA,NA,NA,NA,NA,NA,NA,NA,NA,15,29,4,56,"Peppermint","Northeast","High","High"
"7B","7/19/22","BF.a_7B",18,24,1,7,3,6,2,6,NA,NA,NA,NA,NA,NA,NA,NA,NA,18.4,24,4,56,"Peppermint","Northeast","High","High"
"7B","7/19/22","BF.a_7B",22,34,1,1,1,3,2,3,1,1,3,NA,NA,NA,NA,NA,NA,22.5666666666667,15,4,56,"Peppermint","Northeast","High","High"
"7B","7/19/22","BF.a_7B",26,36,1,1,5,2,NA,NA,NA,NA,NA,NA,NA,NA,NA,NA,NA,26.6,8,4,56,"Peppermint","Northeast","High","High"
"7B","7/19/22","BF.a_7B",30,40,1,3,11,3,NA,NA,NA,NA,NA,NA,NA,NA,NA,NA,NA,30.6666666666667,17,4,56,"Peppermint","Northeast","High","High"
"7B","7/19/22","BF.a_7B",35,6,1,4,9,2,NA,NA,NA,NA,NA,NA,NA,NA,NA,NA,NA,35.1,15,4,56,"Peppermint","Northeast","High","High"
"7B","7/19/22","BF.a_7B",39,5,1,18,11,6,1,NA,NA,NA,NA,NA,NA,NA,NA,NA,NA,39.0833333333333,36,4,56,"Peppermint","Northeast","High","High"
"7B","7/19/22","BF.a_7B",43,15,1,3,15,4,31,1,3,1,NA,NA,NA,NA,NA,NA,NA,43.25,58,4,56,"Peppermint","Northeast","High","High"
"7B","7/19/22","BF.a_7B",48,10,1,24,12,8,NA,NA,NA,NA,NA,NA,NA,NA,NA,NA,NA,48.1666666666667,44,4,56,"Peppermint","Northeast","High","High"
"7B","7/19/22","BF.a_7B",52,31,1,12,9,3,8,0,NA,NA,NA,NA,NA,NA,NA,NA,NA,52.5166666666667,32,4,56,"Peppermint","Northeast","High","High"
"7B","7/19/22","BF.a_7B",57,10,1,6,4,NA,NA,NA,NA,NA,NA,NA,NA,NA,NA,NA,NA,57.1666666666667,10,4,56,"Peppermint","Northeast","High","High"
"7B","7/19/22","BG_7B",5,56,1,1,NA,NA,NA,NA,NA,NA,NA,NA,NA,NA,NA,NA,NA,5.93333333333333,1,3,57,"Peppermint","Northeast","High","High"
"7B","7/19/22","BG_7B",10,3,1,1,NA,NA,NA,NA,NA,NA,NA,NA,NA,NA,NA,NA,NA,10.05,1,3,57,"Peppermint","Northeast","High","High"
"7B","7/19/22","BG_7B",17,56,1,1,1,NA,NA,NA,NA,NA,NA,NA,NA,NA,NA,NA,NA,17.9333333333333,2,3,57,"Peppermint","Northeast","High","High"
"7B","7/19/22","BG_7B",21,46,1,3,7,NA,NA,NA,NA,NA,NA,NA,NA,NA,NA,NA,NA,21.7666666666667,10,3,57,"Peppermint","Northeast","High","High"
"7B","7/19/22","BG_7B",26,32,1,1,1,9,NA,NA,NA,NA,NA,NA,NA,NA,NA,NA,NA,26.5333333333333,11,3,57,"Peppermint","Northeast","High","High"
"7B","7/19/22","BG_7B",30,17,1,10,NA,NA,NA,NA,NA,NA,NA,NA,NA,NA,NA,NA,NA,30.2833333333333,10,3,57,"Peppermint","Northeast","High","High"
"7B","7/19/22","BG_7B",34,55,1,2,NA,NA,NA,NA,NA,NA,NA,NA,NA,NA,NA,NA,NA,34.9166666666667,2,3,57,"Peppermint","Northeast","High","High"
"7B","7/19/22","BG_7B",38,58,1,17,4,5,NA,NA,NA,NA,NA,NA,NA,NA,NA,NA,NA,38.9666666666667,26,3,57,"Peppermint","Northeast","High","High"
"7B","7/19/22","BG_7B",43,0,1,8,7,NA,NA,NA,NA,NA,NA,NA,NA,NA,NA,NA,NA,43,15,3,57,"Peppermint","Northeast","High","High"
"7B","7/19/22","BG_7B",47,53,1,7,NA,NA,NA,NA,NA,NA,NA,NA,NA,NA,NA,NA,NA,47.8833333333333,7,3,57,"Peppermint","Northeast","High","High"
"7B","7/19/22","BG_7B",55,52,1,7,NA,NA,NA,NA,NA,NA,NA,NA,NA,NA,NA,NA,NA,55.8666666666667,7,3,57,"Peppermint","Northeast","High","High"
"7B","7/19/22","BO_7B",10,25,1,1,3,2,NA,NA,NA,NA,NA,NA,NA,NA,NA,NA,NA,10.4166666666667,6,8,52,"Peppermint","Northeast","High","High"
"7B","7/19/22","BO_7B",13,44,1,1,1,14,NA,NA,NA,NA,NA,NA,NA,NA,NA,NA,NA,13.7333333333333,16,8,52,"Peppermint","Northeast","High","High"
"7B","7/19/22","BO_7B",21,52,1,1,7,26,NA,NA,NA,NA,NA,NA,NA,NA,NA,NA,NA,21.8666666666667,34,8,52,"Peppermint","Northeast","High","High"
"7B","7/19/22","BO_7B",30,6,1,19,NA,NA,NA,NA,NA,NA,NA,NA,NA,NA,NA,NA,NA,30.1,19,8,52,"Peppermint","Northeast","High","High"
"7B","7/19/22","BO_7B",34,35,1,3,16,NA,NA,NA,NA,NA,NA,NA,NA,NA,NA,NA,NA,34.5833333333333,19,8,52,"Peppermint","Northeast","High","High"
"7B","7/19/22","BO_7B",38,5,1,16,2,NA,NA,NA,NA,NA,NA,NA,NA,NA,NA,NA,NA,38.0833333333333,18,8,52,"Peppermint","Northeast","High","High"
"7B","7/19/22","BO_7B",41,12,1,43,2,NA,NA,NA,NA,NA,NA,NA,NA,NA,NA,NA,NA,41.2,45,8,52,"Peppermint","Northeast","High","High"
"7B","7/19/22","BO_7B",45,31,1,26,20,NA,NA,NA,NA,NA,NA,NA,NA,NA,NA,NA,NA,45.5166666666667,46,8,52,"Peppermint","Northeast","High","High"
"7B","7/19/22","BO_7B",53,29,1,2,2,NA,NA,NA,NA,NA,NA,NA,NA,NA,NA,NA,NA,53.4833333333333,4,8,52,"Peppermint","Northeast","High","High"
"7B","7/19/22","BO_7B",56,23,1,21,NA,NA,NA,NA,NA,NA,NA,NA,NA,NA,NA,NA,NA,56.3833333333333,21,8,52,"Peppermint","Northeast","High","High"
"7B","7/19/22","BP_7B",7,11,1,5,11,3,6,9,NA,NA,NA,NA,NA,NA,NA,NA,NA,7.18333333333333,34,5,55,"Peppermint","Northeast","High","High"
"7B","7/19/22","BP_7B",10,29,1,26,4,21,NA,NA,NA,NA,NA,NA,NA,NA,NA,NA,NA,10.4833333333333,51,5,55,"Peppermint","Northeast","High","High"
"7B","7/19/22","BP_7B",14,16,1,23,2,31,NA,NA,NA,NA,NA,NA,NA,NA,NA,NA,NA,14.2666666666667,56,5,55,"Peppermint","Northeast","High","High"
"7B","7/19/22","BP_7B",18,20,1,15,4,21,5,1,32,NA,NA,NA,NA,NA,NA,NA,NA,18.3333333333333,78,5,55,"Peppermint","Northeast","High","High"
"7B","7/19/22","BP_7B",22,57,1,7,13,3,2,1,3,NA,NA,NA,NA,NA,NA,NA,NA,22.95,29,5,55,"Peppermint","Northeast","High","High"
"7B","7/19/22","BP_7B",26,44,1,1,1,3,3,10,4,16,25,NA,NA,NA,NA,NA,NA,26.7333333333333,63,5,55,"Peppermint","Northeast","High","High"
"7B","7/19/22","BP_7B",30,54,1,15,10,43,NA,NA,NA,NA,NA,NA,NA,NA,NA,NA,NA,30.9,68,5,55,"Peppermint","Northeast","High","High"
"7B","7/19/22","BP_7B",35,16,1,15,16,19,5,NA,NA,NA,NA,NA,NA,NA,NA,NA,NA,35.2666666666667,55,5,55,"Peppermint","Northeast","High","High"
"7B","7/19/22","BP_7B",40,13,1,27,1,17,20,NA,NA,NA,NA,NA,NA,NA,NA,NA,NA,40.2166666666667,65,5,55,"Peppermint","Northeast","High","High"
"7B","7/19/22","BP_7B",45,14,1,23,NA,NA,NA,NA,NA,NA,NA,NA,NA,NA,NA,NA,NA,45.2333333333333,23,5,55,"Peppermint","Northeast","High","High"
"7B","7/19/22","BP_7B",48,52,1,5,18,19,NA,NA,NA,NA,NA,NA,NA,NA,NA,NA,NA,48.8666666666667,42,5,55,"Peppermint","Northeast","High","High"
"7B","7/19/22","BP_7B",53,13,1,6,24,10,12,9,NA,NA,NA,NA,NA,NA,NA,NA,NA,53.2166666666667,61,5,55,"Peppermint","Northeast","High","High"
"7B","7/19/22","BP_7B",58,51,1,9,2,3,8,18,4,1,NA,NA,NA,NA,NA,NA,NA,58.85,45,5,55,"Peppermint","Northeast","High","High"
"7B","7/19/22","BP.a_7B",10,46,1,10,9,NA,NA,NA,NA,NA,NA,NA,NA,NA,NA,NA,NA,10.7666666666667,19,5,55,"Peppermint","Northeast","High","High"
"7B","7/19/22","BP.a_7B",23,3,1,1,NA,NA,NA,NA,NA,NA,NA,NA,NA,NA,NA,NA,NA,23.05,1,5,55,"Peppermint","Northeast","High","High"
"7B","7/19/22","BP.a_7B",30,36,1,1,10,NA,NA,NA,NA,NA,NA,NA,NA,NA,NA,NA,NA,30.6,11,5,55,"Peppermint","Northeast","High","High"
"7B","7/19/22","BP.a_7B",41,13,1,3,NA,NA,NA,NA,NA,NA,NA,NA,NA,NA,NA,NA,NA,41.2166666666667,3,5,55,"Peppermint","Northeast","High","High"
"7B","7/19/22","BP.a_7B",44,14,1,8,NA,NA,NA,NA,NA,NA,NA,NA,NA,NA,NA,NA,NA,44.2333333333333,8,5,55,"Peppermint","Northeast","High","High"
"7B","7/19/22","BP.a_7B",51,25,1,1,13,NA,NA,NA,NA,NA,NA,NA,NA,NA,NA,NA,NA,51.4166666666667,14,5,55,"Peppermint","Northeast","High","High"
"7B","7/19/22","BP.a_7B",54,56,1,1,10,NA,NA,NA,NA,NA,NA,NA,NA,NA,NA,NA,NA,54.9333333333333,11,5,55,"Peppermint","Northeast","High","High"
"7B","7/19/22","BRR_7B",43,26,1,8,NA,NA,NA,NA,NA,NA,NA,NA,NA,NA,NA,NA,NA,43.4333333333333,8,9,51,"Peppermint","Northeast","High","High"
"7B","7/19/22","BRR_7B",58,5,1,7,NA,NA,NA,NA,NA,NA,NA,NA,NA,NA,NA,NA,NA,58.0833333333333,7,9,51,"Peppermint","Northeast","High","High"
"7B","7/19/22","BW.a_7B",4,32,1,5,14,1,2,1,1,9,10,2,8,7,NA,NA,NA,4.53333333333333,60,2,58,"Clove","South","High","Low"
"7B","7/19/22","BW.a_7B",10,5,1,2,1,2,1,2,9,1,NA,NA,NA,NA,NA,NA,NA,10.0833333333333,18,2,58,"Clove","South","High","Low"
"7B","7/19/22","FF.a_7B",17,12,1,1,NA,NA,NA,NA,NA,NA,NA,NA,NA,NA,NA,NA,NA,17.2,1,7,53,"Peppermint","Northeast","High","High"
"7B","7/19/22","FF.a_7B",29,10,1,3,8,1,NA,NA,NA,NA,NA,NA,NA,NA,NA,NA,NA,29.1666666666667,12,7,53,"Peppermint","Northeast","High","High"
"7B","7/19/22","FF.a_7B",35,30,1,20,1,NA,NA,NA,NA,NA,NA,NA,NA,NA,NA,NA,NA,35.5,21,7,53,"Peppermint","Northeast","High","High"
"7B","7/19/22","FF.a_7B",39,23,1,3,NA,NA,NA,NA,NA,NA,NA,NA,NA,NA,NA,NA,NA,39.3833333333333,3,7,53,"Peppermint","Northeast","High","High"
"7B","7/19/22","FF.a_7B",43,3,1,15,NA,NA,NA,NA,NA,NA,NA,NA,NA,NA,NA,NA,NA,43.05,15,7,53,"Peppermint","Northeast","High","High"
"7B","7/19/22","FF.a_7B",46,34,1,1,NA,NA,NA,NA,NA,NA,NA,NA,NA,NA,NA,NA,NA,46.5666666666667,1,7,53,"Peppermint","Northeast","High","High"
"7B","7/19/22","FF.a_7B",50,15,1,12,NA,NA,NA,NA,NA,NA,NA,NA,NA,NA,NA,NA,NA,50.25,12,7,53,"Peppermint","Northeast","High","High"
"7B","7/19/22","FF.a_7B",54,11,1,2,NA,NA,NA,NA,NA,NA,NA,NA,NA,NA,NA,NA,NA,54.1833333333333,2,7,53,"Peppermint","Northeast","High","High"
"7B","7/19/22","FFP_7B",11,4,1,2,2,1,2,1,3,2,1,NA,NA,NA,NA,NA,NA,11.0666666666667,14,10,50,"Clove","South","High","Low"
"7B","7/19/22","FFP_7B",16,37,1,2,6,6,2,NA,NA,NA,NA,NA,NA,NA,NA,NA,NA,16.6166666666667,16,10,50,"Clove","South","High","Low"
"7B","7/19/22","FGG_7B",7,58,1,11,4,1,1,1,1,1,7,1,1,1,6,NA,NA,7.96666666666667,36,6,54,"Clove","South","High","Low"
"7B","7/19/22","FGG_7B",13,24,1,12,22,NA,NA,NA,NA,NA,NA,NA,NA,NA,NA,NA,NA,13.4,34,6,54,"Clove","South","High","Low"
"7B","7/19/22","FGG_7B",35,15,1,55,NA,NA,NA,NA,NA,NA,NA,NA,NA,NA,NA,NA,NA,35.25,55,6,54,"Clove","South","High","Low"
"7B","7/19/22","FGG_7B",39,48,1,11,3,2,1,10,4,4,8,2,21,NA,NA,NA,NA,39.8,66,6,54,"Clove","South","High","Low"
"7B","7/19/22","FGG_7B",56,37,1,2,NA,NA,NA,NA,NA,NA,NA,NA,NA,NA,NA,NA,NA,56.6166666666667,2,6,54,"Clove","South","High","Low"
"7B","7/19/22","FR_7B",8,1,1,2,3,3,3,1,NA,NA,NA,NA,NA,NA,NA,NA,NA,8.01666666666667,12,5,55,"Peppermint","Northeast","High","High"
"7B","7/19/22","FR_7B",11,31,1,1,15,NA,NA,NA,NA,NA,NA,NA,NA,NA,NA,NA,NA,11.5166666666667,16,5,55,"Peppermint","Northeast","High","High"
"7B","7/19/22","FR_7B",28,0,1,1,6,3,8,1,9,7,1,NA,NA,NA,NA,NA,NA,28,36,5,55,"Peppermint","Northeast","High","High"
"7B","7/19/22","FR_7B",35,46,1,8,NA,NA,NA,NA,NA,NA,NA,NA,NA,NA,NA,NA,NA,35.7666666666667,8,5,55,"Peppermint","Northeast","High","High"
"7B","7/19/22","FR_7B",39,43,1,13,16,NA,NA,NA,NA,NA,NA,NA,NA,NA,NA,NA,NA,39.7166666666667,29,5,55,"Peppermint","Northeast","High","High"
"7B","7/19/22","FR.a_7B",49,8,1,7,7,2,NA,NA,NA,NA,NA,NA,NA,NA,NA,NA,NA,49.1333333333333,16,7,53,"Clove","South","High","Low"
"7B","7/19/22","FR.a_7B",53,34,1,11,1,5,3,11,11,11,1,4,NA,NA,NA,NA,NA,53.5666666666667,58,7,53,"Clove","South","High","Low"
"7B","7/19/22","FY_7B",16,16,1,1,2,5,5,NA,NA,NA,NA,NA,NA,NA,NA,NA,NA,16.2666666666667,13,9,51,"Peppermint","Northeast","High","High"
"7B","7/19/22","FY_7B",19,31,1,1,3,1,1,1,1,3,1,NA,NA,NA,NA,NA,NA,19.5166666666667,12,9,51,"Peppermint","Northeast","High","High"
"7B","7/19/22","FY_7B",26,34,1,21,NA,NA,NA,NA,NA,NA,NA,NA,NA,NA,NA,NA,NA,26.5666666666667,21,9,51,"Peppermint","Northeast","High","High"
"7B","7/19/22","FY_7B",34,20,1,2,NA,NA,NA,NA,NA,NA,NA,NA,NA,NA,NA,NA,NA,34.3333333333333,2,9,51,"Peppermint","Northeast","High","High"
"7B","7/19/22","FY_7B",37,34,1,29,8,31,25,NA,NA,NA,NA,NA,NA,NA,NA,NA,NA,37.5666666666667,93,9,51,"Peppermint","Northeast","High","High"
"7B","7/19/22","FY_7B",46,21,1,41,NA,NA,NA,NA,NA,NA,NA,NA,NA,NA,NA,NA,NA,46.35,41,9,51,"Peppermint","Northeast","High","High"
"7B","7/19/22","FY_7B",51,29,1,24,7,21,2,10,2,NA,NA,NA,NA,NA,NA,NA,NA,51.4833333333333,66,9,51,"Peppermint","Northeast","High","High"
"7B","7/19/22","FY_7B",56,35,1,34,16,6,NA,NA,NA,NA,NA,NA,NA,NA,NA,NA,NA,56.5833333333333,56,9,51,"Peppermint","Northeast","High","High"
"7B","7/19/22","FYR_7B",3,55,1,1,1,NA,NA,NA,NA,NA,NA,NA,NA,NA,NA,NA,NA,3.91666666666667,2,2,58,"Peppermint","Northeast","High","High"
"7B","7/19/22","FYR_7B",8,37,1,9,1,1,8,9,NA,NA,NA,NA,NA,NA,NA,NA,NA,8.61666666666667,28,2,58,"Peppermint","Northeast","High","High"
"7B","7/19/22","FYR_7B",13,57,1,1,12,NA,NA,NA,NA,NA,NA,NA,NA,NA,NA,NA,NA,13.95,13,2,58,"Peppermint","Northeast","High","High"
"7B","7/19/22","FYR_7B",18,44,1,5,NA,NA,NA,NA,NA,NA,NA,NA,NA,NA,NA,NA,NA,18.7333333333333,5,2,58,"Peppermint","Northeast","High","High"
"7B","7/19/22","FYR_7B",34,28,1,3,NA,NA,NA,NA,NA,NA,NA,NA,NA,NA,NA,NA,NA,34.4666666666667,3,2,58,"Peppermint","Northeast","High","High"
"7B","7/19/22","FYR_7B",41,39,1,3,7,4,13,NA,NA,NA,NA,NA,NA,NA,NA,NA,NA,41.65,27,2,58,"Peppermint","Northeast","High","High"
"7B","7/19/22","FYR_7B",49,58,1,1,7,1,11,NA,NA,NA,NA,NA,NA,NA,NA,NA,NA,49.9666666666667,20,2,58,"Peppermint","Northeast","High","High"
"7B","7/19/22","FYR_7B",55,1,1,4,14,25,NA,NA,NA,NA,NA,NA,NA,NA,NA,NA,NA,55.0166666666667,43,2,58,"Peppermint","Northeast","High","High"
"7B","7/19/22","FYY_7B",11,17,1,2,3,6,1,3,1,1,NA,NA,NA,NA,NA,NA,NA,11.2833333333333,17,8,52,"Clove","South","High","Low"
"7B","7/19/22","FYY_7B",34,38,1,3,10,19,NA,NA,NA,NA,NA,NA,NA,NA,NA,NA,NA,34.6333333333333,32,8,52,"Clove","South","High","Low"
"7B","7/19/22","FYY_7B",38,46,1,1,12,NA,NA,NA,NA,NA,NA,NA,NA,NA,NA,NA,NA,38.7666666666667,13,8,52,"Clove","South","High","Low"
"7B","7/19/22","GGW_7B",20,10,1,2,1,NA,NA,NA,NA,NA,NA,NA,NA,NA,NA,NA,NA,20.1666666666667,3,2,58,"Clove","South","High","Low"
"7B","7/19/22","GGW_7B",25,54,1,4,NA,NA,NA,NA,NA,NA,NA,NA,NA,NA,NA,NA,NA,25.9,4,2,58,"Clove","South","High","Low"
"7B","7/19/22","GGW_7B",31,0,1,1,2,2,34,NA,NA,NA,NA,NA,NA,NA,NA,NA,NA,31,39,2,58,"Clove","South","High","Low"
"7B","7/19/22","GGW_7B",36,30,1,1,1,2,NA,NA,NA,NA,NA,NA,NA,NA,NA,NA,NA,36.5,4,2,58,"Clove","South","High","Low"
"7B","7/19/22","GGW_7B",40,18,1,3,4,32,10,NA,NA,NA,NA,NA,NA,NA,NA,NA,NA,40.3,49,2,58,"Clove","South","High","Low"
"7B","7/19/22","GGW_7B",54,31,1,16,18,NA,NA,NA,NA,NA,NA,NA,NA,NA,NA,NA,NA,54.5166666666667,34,2,58,"Clove","South","High","Low"
"7B","7/19/22","GO_7B",4,21,1,1,4,5,NA,NA,NA,NA,NA,NA,NA,NA,NA,NA,NA,4.35,10,2,58,"Peppermint","Northeast","High","High"
"7B","7/19/22","GO_7B",11,55,1,6,NA,NA,NA,NA,NA,NA,NA,NA,NA,NA,NA,NA,NA,11.9166666666667,6,2,58,"Peppermint","Northeast","High","High"
"7B","7/19/22","GO_7B",28,41,1,6,NA,NA,NA,NA,NA,NA,NA,NA,NA,NA,NA,NA,NA,28.6833333333333,6,2,58,"Peppermint","Northeast","High","High"
"7B","7/19/22","GO_7B",35,55,1,22,NA,NA,NA,NA,NA,NA,NA,NA,NA,NA,NA,NA,NA,35.9166666666667,22,2,58,"Peppermint","Northeast","High","High"
"7B","7/19/22","GO_7B",39,32,1,4,1,2,NA,NA,NA,NA,NA,NA,NA,NA,NA,NA,NA,39.5333333333333,7,2,58,"Peppermint","Northeast","High","High"
"7B","7/19/22","GO_7B",46,53,1,29,NA,NA,NA,NA,NA,NA,NA,NA,NA,NA,NA,NA,NA,46.8833333333333,29,2,58,"Peppermint","Northeast","High","High"
"7B","7/19/22","GO_7B",51,7,1,2,23,NA,NA,NA,NA,NA,NA,NA,NA,NA,NA,NA,NA,51.1166666666667,25,2,58,"Peppermint","Northeast","High","High"
"7B","7/19/22","GO_7B",55,25,1,26,NA,NA,NA,NA,NA,NA,NA,NA,NA,NA,NA,NA,NA,55.4166666666667,26,2,58,"Peppermint","Northeast","High","High"
"7B","7/19/22","GO_7B",59,28,1,3,4,11,9,1,NA,NA,NA,NA,NA,NA,NA,NA,NA,59.4666666666667,28,2,58,"Peppermint","Northeast","High","High"
"7B","7/19/22","GP.a_7B",4,54,1,3,8,NA,NA,NA,NA,NA,NA,NA,NA,NA,NA,NA,NA,4.9,11,2,58,"Peppermint","Northeast","High","High"
"7B","7/19/22","GP.a_7B",8,49,1,1,5,NA,NA,NA,NA,NA,NA,NA,NA,NA,NA,NA,NA,8.81666666666667,6,2,58,"Peppermint","Northeast","High","High"
"7B","7/19/22","GP.a_7B",12,41,1,1,1,8,9,6,NA,NA,NA,NA,NA,NA,NA,NA,NA,12.6833333333333,25,2,58,"Peppermint","Northeast","High","High"
"7B","7/19/22","GP.a_7B",16,56,1,24,21,NA,NA,NA,NA,NA,NA,NA,NA,NA,NA,NA,NA,16.9333333333333,45,2,58,"Peppermint","Northeast","High","High"
"7B","7/19/22","GP.a_7B",21,39,1,9,8,5,NA,NA,NA,NA,NA,NA,NA,NA,NA,NA,NA,21.65,22,2,58,"Peppermint","Northeast","High","High"
"7B","7/19/22","GP.a_7B",29,10,1,22,NA,NA,NA,NA,NA,NA,NA,NA,NA,NA,NA,NA,NA,29.1666666666667,22,2,58,"Peppermint","Northeast","High","High"
"7B","7/19/22","GP.a_7B",33,3,1,8,NA,NA,NA,NA,NA,NA,NA,NA,NA,NA,NA,NA,NA,33.05,8,2,58,"Peppermint","Northeast","High","High"
"7B","7/19/22","GP.a_7B",36,36,1,8,12,18,16,NA,NA,NA,NA,NA,NA,NA,NA,NA,NA,36.6,54,2,58,"Peppermint","Northeast","High","High"
"7B","7/19/22","GP.a_7B",40,56,1,7,NA,NA,NA,NA,NA,NA,NA,NA,NA,NA,NA,NA,NA,40.9333333333333,7,2,58,"Peppermint","Northeast","High","High"
"7B","7/19/22","GP.a_7B",59,21,1,4,1,1,21,NA,NA,NA,NA,NA,NA,NA,NA,NA,NA,59.35,27,2,58,"Peppermint","Northeast","High","High"
"7B","7/19/22","OB_7B",12,31,1,1,3,3,NA,NA,NA,NA,NA,NA,NA,NA,NA,NA,NA,12.5166666666667,7,10,50,"Peppermint","Northeast","High","High"
"7B","7/19/22","OB_7B",30,39,1,3,NA,NA,NA,NA,NA,NA,NA,NA,NA,NA,NA,NA,NA,30.65,3,10,50,"Peppermint","Northeast","High","High"
"7B","7/19/22","OB_7B",33,53,1,28,NA,NA,NA,NA,NA,NA,NA,NA,NA,NA,NA,NA,NA,33.8833333333333,28,10,50,"Peppermint","Northeast","High","High"
"7B","7/19/22","OB_7B",38,27,1,8,15,1,NA,NA,NA,NA,NA,NA,NA,NA,NA,NA,NA,38.45,24,10,50,"Peppermint","Northeast","High","High"
"7B","7/19/22","OB_7B",42,52,1,8,12,3,NA,NA,NA,NA,NA,NA,NA,NA,NA,NA,NA,42.8666666666667,23,10,50,"Peppermint","Northeast","High","High"
"7B","7/19/22","OB_7B",56,46,1,1,20,NA,NA,NA,NA,NA,NA,NA,NA,NA,NA,NA,NA,56.7666666666667,21,10,50,"Peppermint","Northeast","High","High"
"7B","7/19/22","OF.a_7B",26,44,1,1,2,NA,NA,NA,NA,NA,NA,NA,NA,NA,NA,NA,NA,26.7333333333333,3,10,50,"Peppermint","Northeast","High","High"
"7B","7/19/22","OF.a_7B",34,50,1,6,3,11,NA,NA,NA,NA,NA,NA,NA,NA,NA,NA,NA,34.8333333333333,20,10,50,"Peppermint","Northeast","High","High"
"7B","7/19/22","OF.a_7B",38,37,1,1,3,NA,NA,NA,NA,NA,NA,NA,NA,NA,NA,NA,NA,38.6166666666667,4,10,50,"Peppermint","Northeast","High","High"
"7B","7/19/22","OF.a_7B",42,52,1,4,NA,NA,NA,NA,NA,NA,NA,NA,NA,NA,NA,NA,NA,42.8666666666667,4,10,50,"Peppermint","Northeast","High","High"
"7B","7/19/22","OF.a_7B",50,27,1,1,NA,NA,NA,NA,NA,NA,NA,NA,NA,NA,NA,NA,NA,50.45,1,10,50,"Peppermint","Northeast","High","High"
"7B","7/19/22","OF.a_7B",53,52,1,1,11,NA,NA,NA,NA,NA,NA,NA,NA,NA,NA,NA,NA,53.8666666666667,12,10,50,"Peppermint","Northeast","High","High"
"7B","7/19/22","OF.a_7B",58,26,1,7,3,NA,NA,NA,NA,NA,NA,NA,NA,NA,NA,NA,NA,58.4333333333333,10,10,50,"Peppermint","Northeast","High","High"
"7B","7/19/22","OW_7B",44,18,1,1,10,3,NA,NA,NA,NA,NA,NA,NA,NA,NA,NA,NA,44.3,14,4,56,"Peppermint","Northeast","High","High"
"7B","7/19/22","PBB_7B",35,39,1,10,NA,NA,NA,NA,NA,NA,NA,NA,NA,NA,NA,NA,NA,35.65,10,12,48,"Clove","South","High","Low"
"7B","7/19/22","PBB_7B",50,50,1,2,NA,NA,NA,NA,NA,NA,NA,NA,NA,NA,NA,NA,NA,50.8333333333333,2,12,48,"Clove","South","High","Low"
"7B","7/19/22","PBB_7B",59,40,1,11,NA,NA,NA,NA,NA,NA,NA,NA,NA,NA,NA,NA,NA,59.6666666666667,11,12,48,"Clove","South","High","Low"
"7B","7/19/22","PG_7B",33,38,1,4,1,2,1,1,NA,NA,NA,NA,NA,NA,NA,NA,NA,33.6333333333333,9,9,51,"Peppermint","Northeast","High","High"
"7B","7/19/22","PG_7B",37,14,1,12,NA,NA,NA,NA,NA,NA,NA,NA,NA,NA,NA,NA,NA,37.2333333333333,12,9,51,"Peppermint","Northeast","High","High"
"7B","7/19/22","PG_7B",40,47,1,2,9,NA,NA,NA,NA,NA,NA,NA,NA,NA,NA,NA,NA,40.7833333333333,11,9,51,"Peppermint","Northeast","High","High"
"7B","7/19/22","PG_7B",44,9,1,2,3,13,NA,NA,NA,NA,NA,NA,NA,NA,NA,NA,NA,44.15,18,9,51,"Peppermint","Northeast","High","High"
"7B","7/19/22","PG_7B",48,2,1,18,8,13,NA,NA,NA,NA,NA,NA,NA,NA,NA,NA,NA,48.0333333333333,39,9,51,"Peppermint","Northeast","High","High"
"7B","7/19/22","PG_7B",52,13,1,2,2,8,7,2,19,NA,NA,NA,NA,NA,NA,NA,NA,52.2166666666667,40,9,51,"Peppermint","Northeast","High","High"
"7B","7/19/22","PG_7B",56,20,1,1,9,NA,NA,NA,NA,NA,NA,NA,NA,NA,NA,NA,NA,56.3333333333333,10,9,51,"Peppermint","Northeast","High","High"
"7B","7/19/22","PG_7B",59,44,1,3,1,1,3,2,15,12,NA,NA,NA,NA,NA,NA,NA,59.7333333333333,37,9,51,"Peppermint","Northeast","High","High"
"7B","7/19/22","PO_7B",39,20,1,4,NA,NA,NA,NA,NA,NA,NA,NA,NA,NA,NA,NA,NA,39.3333333333333,4,9,51,"Clove","South","High","Low"
"7B","7/19/22","PO_7B",47,13,1,1,8,NA,NA,NA,NA,NA,NA,NA,NA,NA,NA,NA,NA,47.2166666666667,9,9,51,"Clove","South","High","Low"
"7B","7/19/22","PO_7B",50,58,1,8,NA,NA,NA,NA,NA,NA,NA,NA,NA,NA,NA,NA,NA,50.9666666666667,8,9,51,"Clove","South","High","Low"
"7B","7/19/22","PO_7B",59,48,1,1,NA,NA,NA,NA,NA,NA,NA,NA,NA,NA,NA,NA,NA,59.8,1,9,51,"Clove","South","High","Low"
"7B","7/19/22","PO.a_7B",34,50,1,6,3,11,NA,NA,NA,NA,NA,NA,NA,NA,NA,NA,NA,34.8333333333333,20,10,50,"Clove","South","High","Low"
"7B","7/19/22","PO.a_7B",50,34,1,1,NA,NA,NA,NA,NA,NA,NA,NA,NA,NA,NA,NA,NA,50.5666666666667,1,10,50,"Clove","South","High","Low"
"7B","7/19/22","POO_7B",10,22,1,2,NA,NA,NA,NA,NA,NA,NA,NA,NA,NA,NA,NA,NA,10.3666666666667,2,8,52,"Peppermint","Northeast","High","High"
"7B","7/19/22","PR_7B",7,30,1,5,NA,NA,NA,NA,NA,NA,NA,NA,NA,NA,NA,NA,NA,7.5,5,5,55,"Clove","South","High","Low"
"7B","7/19/22","PR_7B",43,25,1,14,4,NA,NA,NA,NA,NA,NA,NA,NA,NA,NA,NA,NA,43.4166666666667,18,5,55,"Clove","South","High","Low"
"7B","7/19/22","PR_7B",51,59,1,3,6,10,2,NA,NA,NA,NA,NA,NA,NA,NA,NA,NA,51.9833333333333,21,5,55,"Clove","South","High","Low"
"7B","7/19/22","PR_7B",57,20,1,4,NA,NA,NA,NA,NA,NA,NA,NA,NA,NA,NA,NA,NA,57.3333333333333,4,5,55,"Clove","South","High","Low"
"7B","7/19/22","PRR_7B",58,12,1,4,1,NA,NA,NA,NA,NA,NA,NA,NA,NA,NA,NA,NA,58.2,5,4,56,"Peppermint","Northeast","High","High"
"7B","7/19/22","PY.u_7B",4,0,1,2,NA,NA,NA,NA,NA,NA,NA,NA,NA,NA,NA,NA,NA,4,2,2,58,"Peppermint","Northeast","High","High"
"7B","7/19/22","PY.u_7B",7,50,1,2,NA,NA,NA,NA,NA,NA,NA,NA,NA,NA,NA,NA,NA,7.83333333333333,2,2,58,"Peppermint","Northeast","High","High"
"7B","7/19/22","PY.u_7B",11,32,1,8,12,2,NA,NA,NA,NA,NA,NA,NA,NA,NA,NA,NA,11.5333333333333,22,2,58,"Peppermint","Northeast","High","High"
"7B","7/19/22","PY.u_7B",15,54,1,7,1,NA,NA,NA,NA,NA,NA,NA,NA,NA,NA,NA,NA,15.9,8,2,58,"Peppermint","Northeast","High","High"
"7B","7/19/22","PY.u_7B",19,24,1,4,5,5,NA,NA,NA,NA,NA,NA,NA,NA,NA,NA,NA,19.4,14,2,58,"Peppermint","Northeast","High","High"
"7B","7/19/22","PY.u_7B",34,6,1,1,NA,NA,NA,NA,NA,NA,NA,NA,NA,NA,NA,NA,NA,34.1,1,2,58,"Peppermint","Northeast","High","High"
"7B","7/19/22","PY.u_7B",37,24,1,1,3,1,NA,NA,NA,NA,NA,NA,NA,NA,NA,NA,NA,37.4,5,2,58,"Peppermint","Northeast","High","High"
"7B","7/19/22","PY.u_7B",50,46,1,1,2,4,10,NA,NA,NA,NA,NA,NA,NA,NA,NA,NA,50.7666666666667,17,2,58,"Peppermint","Northeast","High","High"
"7B","7/19/22","PY.u_7B",54,30,1,21,NA,NA,NA,NA,NA,NA,NA,NA,NA,NA,NA,NA,NA,54.5,21,2,58,"Peppermint","Northeast","High","High"
"7B","7/19/22","PY.u_7B",58,28,1,8,9,24,13,NA,NA,NA,NA,NA,NA,NA,NA,NA,NA,58.4666666666667,54,2,58,"Peppermint","Northeast","High","High"
"7B","7/19/22","PY.v_7B",10,37,1,3,NA,NA,NA,NA,NA,NA,NA,NA,NA,NA,NA,NA,NA,10.6166666666667,3,7,53,"Peppermint","Northeast","High","High"
"7B","7/19/22","PY.v_7B",28,49,1,1,NA,NA,NA,NA,NA,NA,NA,NA,NA,NA,NA,NA,NA,28.8166666666667,1,7,53,"Peppermint","Northeast","High","High"
"7B","7/19/22","PY.v_7B",32,26,1,1,12,9,15,NA,NA,NA,NA,NA,NA,NA,NA,NA,NA,32.4333333333333,37,7,53,"Peppermint","Northeast","High","High"
"7B","7/19/22","PY.v_7B",37,7,1,1,1,1,21,18,NA,NA,NA,NA,NA,NA,NA,NA,NA,37.1166666666667,42,7,53,"Peppermint","Northeast","High","High"
"7B","7/19/22","PY.v_7B",41,54,1,2,34,39,NA,NA,NA,NA,NA,NA,NA,NA,NA,NA,NA,41.9,75,7,53,"Peppermint","Northeast","High","High"
"7B","7/19/22","PY.v_7B",46,58,1,8,41,16,37,NA,NA,NA,NA,NA,NA,NA,NA,NA,NA,46.9666666666667,102,7,53,"Peppermint","Northeast","High","High"
"7B","7/19/22","PY.v_7B",53,9,1,4,6,5,16,15,1,10,1,23,NA,NA,NA,NA,NA,53.15,81,7,53,"Peppermint","Northeast","High","High"
"7B","7/19/22","PY.v_7B",59,24,1,4,8,4,10,12,12,25,14,NA,NA,NA,NA,NA,NA,59.4,89,7,53,"Peppermint","Northeast","High","High"
"7B","7/19/22","PY.a_7B",29,10,1,1,1,5,NA,NA,NA,NA,NA,NA,NA,NA,NA,NA,NA,29.1666666666667,7,8,52,"Clove","South","High","Low"
"7B","7/19/22","PY.a_7B",33,35,1,3,1,NA,NA,NA,NA,NA,NA,NA,NA,NA,NA,NA,NA,33.5833333333333,4,8,52,"Clove","South","High","Low"
"7B","7/19/22","PY.a_7B",42,28,1,2,NA,NA,NA,NA,NA,NA,NA,NA,NA,NA,NA,NA,NA,42.4666666666667,2,8,52,"Clove","South","High","Low"
"7B","7/19/22","PY.a_7B",46,7,1,4,2,8,5,NA,NA,NA,NA,NA,NA,NA,NA,NA,NA,46.1166666666667,19,8,52,"Clove","South","High","Low"
"7B","7/19/22","PY.a_7B",53,35,1,15,2,NA,NA,NA,NA,NA,NA,NA,NA,NA,NA,NA,NA,53.5833333333333,17,8,52,"Clove","South","High","Low"
"7B","7/19/22","PYY_7B",15,27,1,1,NA,NA,NA,NA,NA,NA,NA,NA,NA,NA,NA,NA,NA,15.45,1,10,50,"Peppermint","Northeast","High","High"
"7B","7/19/22","PYY_7B",23,12,1,2,3,2,NA,NA,NA,NA,NA,NA,NA,NA,NA,NA,NA,23.2,7,10,50,"Peppermint","Northeast","High","High"
"7B","7/19/22","PYY_7B",26,36,1,1,6,NA,NA,NA,NA,NA,NA,NA,NA,NA,NA,NA,NA,26.6,7,10,50,"Peppermint","Northeast","High","High"
"7B","7/19/22","PYY_7B",30,38,1,1,1,7,NA,NA,NA,NA,NA,NA,NA,NA,NA,NA,NA,30.6333333333333,9,10,50,"Peppermint","Northeast","High","High"
"7B","7/19/22","PYY_7B",36,52,1,1,5,NA,NA,NA,NA,NA,NA,NA,NA,NA,NA,NA,NA,36.8666666666667,6,10,50,"Peppermint","Northeast","High","High"
"7B","7/19/22","PYY_7B",48,27,1,17,6,NA,NA,NA,NA,NA,NA,NA,NA,NA,NA,NA,NA,48.45,23,10,50,"Peppermint","Northeast","High","High"
"7B","7/19/22","PYY_7B",52,42,1,2,4,2,16,5,NA,NA,NA,NA,NA,NA,NA,NA,NA,52.7,29,10,50,"Peppermint","Northeast","High","High"
"7B","7/19/22","PYY_7B",57,1,1,3,12,1,NA,NA,NA,NA,NA,NA,NA,NA,NA,NA,NA,57.0166666666667,16,10,50,"Peppermint","Northeast","High","High"
"7B","7/19/22","RB_7B",57,6,1,14,NA,NA,NA,NA,NA,NA,NA,NA,NA,NA,NA,NA,NA,57.1,14,4,56,"Peppermint","Northeast","High","High"
"7B","7/19/22","RF_7B",9,7,1,7,NA,NA,NA,NA,NA,NA,NA,NA,NA,NA,NA,NA,NA,9.11666666666667,7,6,54,"Peppermint","Northeast","High","High"
"7B","7/19/22","RF_7B",12,39,1,4,3,NA,NA,NA,NA,NA,NA,NA,NA,NA,NA,NA,NA,12.65,7,6,54,"Peppermint","Northeast","High","High"
"7B","7/19/22","RF_7B",17,6,1,6,NA,NA,NA,NA,NA,NA,NA,NA,NA,NA,NA,NA,NA,17.1,6,6,54,"Peppermint","Northeast","High","High"
"7B","7/19/22","RF_7B",28,40,1,1,2,NA,NA,NA,NA,NA,NA,NA,NA,NA,NA,NA,NA,28.6666666666667,3,6,54,"Peppermint","Northeast","High","High"
"7B","7/19/22","RF_7B",35,17,1,4,NA,NA,NA,NA,NA,NA,NA,NA,NA,NA,NA,NA,NA,35.2833333333333,4,6,54,"Peppermint","Northeast","High","High"
"7B","7/19/22","RF_7B",38,37,1,7,NA,NA,NA,NA,NA,NA,NA,NA,NA,NA,NA,NA,NA,38.6166666666667,7,6,54,"Peppermint","Northeast","High","High"
"7B","7/19/22","RF_7B",44,58,1,2,1,1,2,11,NA,NA,NA,NA,NA,NA,NA,NA,NA,44.9666666666667,17,6,54,"Peppermint","Northeast","High","High"
"7B","7/19/22","RF_7B",55,48,1,11,NA,NA,NA,NA,NA,NA,NA,NA,NA,NA,NA,NA,NA,55.8,11,6,54,"Peppermint","Northeast","High","High"
"7B","7/19/22","RF_7B",59,22,1,1,1,5,NA,NA,NA,NA,NA,NA,NA,NA,NA,NA,NA,59.3666666666667,7,6,54,"Peppermint","Northeast","High","High"
"7B","7/19/22","RO_7B",6,59,1,1,1,2,4,1,NA,NA,NA,NA,NA,NA,NA,NA,NA,6.98333333333333,9,5,55,"Peppermint","Northeast","High","High"
"7B","7/19/22","RO_7B",21,36,1,5,1,NA,NA,NA,NA,NA,NA,NA,NA,NA,NA,NA,NA,21.6,6,5,55,"Peppermint","Northeast","High","High"
"7B","7/19/22","RO_7B",24,48,1,3,NA,NA,NA,NA,NA,NA,NA,NA,NA,NA,NA,NA,NA,24.8,3,5,55,"Peppermint","Northeast","High","High"
"7B","7/19/22","RO_7B",30,16,1,15,4,4,NA,NA,NA,NA,NA,NA,NA,NA,NA,NA,NA,30.2666666666667,23,5,55,"Peppermint","Northeast","High","High"
"7B","7/19/22","RO_7B",36,28,1,16,NA,NA,NA,NA,NA,NA,NA,NA,NA,NA,NA,NA,NA,36.4666666666667,16,5,55,"Peppermint","Northeast","High","High"
"7B","7/19/22","RO_7B",39,50,1,35,NA,NA,NA,NA,NA,NA,NA,NA,NA,NA,NA,NA,NA,39.8333333333333,35,5,55,"Peppermint","Northeast","High","High"
"7B","7/19/22","RO_7B",43,59,1,31,NA,NA,NA,NA,NA,NA,NA,NA,NA,NA,NA,NA,NA,43.9833333333333,31,5,55,"Peppermint","Northeast","High","High"
"7B","7/19/22","RO_7B",48,28,1,10,4,NA,NA,NA,NA,NA,NA,NA,NA,NA,NA,NA,NA,48.4666666666667,14,5,55,"Peppermint","Northeast","High","High"
"7B","7/19/22","RO_7B",52,20,1,12,NA,NA,NA,NA,NA,NA,NA,NA,NA,NA,NA,NA,NA,52.3333333333333,12,5,55,"Peppermint","Northeast","High","High"
"7B","7/19/22","RO_7B",58,40,1,1,32,5,2,1,NA,NA,NA,NA,NA,NA,NA,NA,NA,58.6666666666667,41,5,55,"Peppermint","Northeast","High","High"
"7B","7/19/22","WGG_7B",28,42,1,1,1,8,1,NA,NA,NA,NA,NA,NA,NA,NA,NA,NA,28.7,11,12,48,"Clove","South","High","Low"
"7B","7/19/22","WGG_7B",32,51,1,2,2,2,1,12,NA,NA,NA,NA,NA,NA,NA,NA,NA,32.85,19,12,48,"Clove","South","High","Low"
"7B","7/19/22","WGG_7B",37,30,1,1,2,NA,NA,NA,NA,NA,NA,NA,NA,NA,NA,NA,NA,37.5,3,12,48,"Clove","South","High","Low"
"7B","7/19/22","WGG_7B",45,9,1,12,NA,NA,NA,NA,NA,NA,NA,NA,NA,NA,NA,NA,NA,45.15,12,12,48,"Clove","South","High","Low"
"7B","7/19/22","WGG_7B",49,17,1,6,NA,NA,NA,NA,NA,NA,NA,NA,NA,NA,NA,NA,NA,49.2833333333333,6,12,48,"Clove","South","High","Low"
"7B","7/19/22","WGG_7B",53,3,1,2,5,16,NA,NA,NA,NA,NA,NA,NA,NA,NA,NA,NA,53.05,23,12,48,"Clove","South","High","Low"
"7B","7/19/22","WGG_7B",57,14,1,1,NA,NA,NA,NA,NA,NA,NA,NA,NA,NA,NA,NA,NA,57.2333333333333,1,12,48,"Clove","South","High","Low"
"7B","7/19/22","WGR_7B",8,30,1,3,1,1,NA,NA,NA,NA,NA,NA,NA,NA,NA,NA,NA,8.5,5,6,54,"Peppermint","Northeast","High","High"
"7B","7/19/22","WGR_7B",51,24,1,1,4,NA,NA,NA,NA,NA,NA,NA,NA,NA,NA,NA,NA,51.4,5,6,54,"Peppermint","Northeast","High","High"
"7B","7/19/22","WGR_7B",59,5,1,2,1,NA,NA,NA,NA,NA,NA,NA,NA,NA,NA,NA,NA,59.0833333333333,3,6,54,"Peppermint","Northeast","High","High"
"7B","7/19/22","PO_7B",55,12,1,1,1,NA,NA,NA,NA,NA,NA,NA,NA,NA,NA,NA,NA,55.2,2,9,51,"Clove","South","High","Low"
"7B","7/19/22","WOO_7B",27,59,1,7,NA,NA,NA,NA,NA,NA,NA,NA,NA,NA,NA,NA,NA,27.9833333333333,7,2,58,"Peppermint","Northeast","High","High"
"7B","7/19/22","WOO_7B",31,13,1,9,14,NA,NA,NA,NA,NA,NA,NA,NA,NA,NA,NA,NA,31.2166666666667,23,2,58,"Peppermint","Northeast","High","High"
"7B","7/19/22","WOO_7B",35,51,1,5,NA,NA,NA,NA,NA,NA,NA,NA,NA,NA,NA,NA,NA,35.85,5,2,58,"Peppermint","Northeast","High","High"
"7B","7/19/22","WOO_7B",38,58,1,4,1,NA,NA,NA,NA,NA,NA,NA,NA,NA,NA,NA,NA,38.9666666666667,5,2,58,"Peppermint","Northeast","High","High"
"7B","7/19/22","WOO_7B",46,54,1,18,NA,NA,NA,NA,NA,NA,NA,NA,NA,NA,NA,NA,NA,46.9,18,2,58,"Peppermint","Northeast","High","High"
"7B","7/19/22","WOO_7B",51,16,1,1,NA,NA,NA,NA,NA,NA,NA,NA,NA,NA,NA,NA,NA,51.2666666666667,1,2,58,"Peppermint","Northeast","High","High"
"7B","7/19/22","WOY_7B",16,47,1,2,NA,NA,NA,NA,NA,NA,NA,NA,NA,NA,NA,NA,NA,16.7833333333333,2,10,50,"Peppermint","Northeast","High","High"
"7B","7/19/22","WOY_7B",52,10,1,4,10,NA,NA,NA,NA,NA,NA,NA,NA,NA,NA,NA,NA,52.1666666666667,14,10,50,"Peppermint","Northeast","High","High"
"7B","7/19/22","WOY_7B",56,10,1,1,NA,NA,NA,NA,NA,NA,NA,NA,NA,NA,NA,NA,NA,56.1666666666667,1,10,50,"Peppermint","Northeast","High","High"
"7B","7/19/22","WR.a_7B",41,13,1,14,15,NA,NA,NA,NA,NA,NA,NA,NA,NA,NA,NA,NA,41.2166666666667,29,2,58,"Peppermint","Northeast","High","High"
"7B","7/19/22","WR.a_7B",45,12,1,4,27,NA,NA,NA,NA,NA,NA,NA,NA,NA,NA,NA,NA,45.2,31,2,58,"Peppermint","Northeast","High","High"
"7B","7/19/22","WR.a_7B",49,36,1,26,9,NA,NA,NA,NA,NA,NA,NA,NA,NA,NA,NA,NA,49.6,35,2,58,"Peppermint","Northeast","High","High"
"7B","7/19/22","WR.a_7B",57,22,1,8,NA,NA,NA,NA,NA,NA,NA,NA,NA,NA,NA,NA,NA,57.3666666666667,8,2,58,"Peppermint","Northeast","High","High"
"7B","7/19/22","WRR_7B",34,39,1,13,NA,NA,NA,NA,NA,NA,NA,NA,NA,NA,NA,NA,NA,34.65,13,4,56,"Peppermint","Northeast","High","High"
"7B","7/19/22","WRR_7B",38,13,1,2,11,NA,NA,NA,NA,NA,NA,NA,NA,NA,NA,NA,NA,38.2166666666667,13,4,56,"Peppermint","Northeast","High","High"
"7B","7/19/22","WRR_7B",45,30,1,14,NA,NA,NA,NA,NA,NA,NA,NA,NA,NA,NA,NA,NA,45.5,14,4,56,"Peppermint","Northeast","High","High"
"7B","7/19/22","WY_7B",39,54,1,2,NA,NA,NA,NA,NA,NA,NA,NA,NA,NA,NA,NA,NA,39.9,2,6,54,"Clove","South","High","Low"
"7B","7/19/22","WY.a_7B",30,39,1,6,NA,NA,NA,NA,NA,NA,NA,NA,NA,NA,NA,NA,NA,30.65,6,5,55,"Clove","South","High","Low"
"7B","7/19/22","WY.a_7B",34,15,1,1,NA,NA,NA,NA,NA,NA,NA,NA,NA,NA,NA,NA,NA,34.25,1,5,55,"Clove","South","High","Low"
"7B","7/19/22","WY.a_7B",37,54,1,10,NA,NA,NA,NA,NA,NA,NA,NA,NA,NA,NA,NA,NA,37.9,10,5,55,"Clove","South","High","Low"
"7B","7/19/22","WY.a_7B",47,51,1,32,NA,NA,NA,NA,NA,NA,NA,NA,NA,NA,NA,NA,NA,47.85,32,5,55,"Clove","South","High","Low"
"7B","7/19/22","WY.a_7B",52,53,1,2,NA,NA,NA,NA,NA,NA,NA,NA,NA,NA,NA,NA,NA,52.8833333333333,2,5,55,"Clove","South","High","Low"
"7B","7/19/22","WY.a_7B",57,26,1,13,12,1,NA,NA,NA,NA,NA,NA,NA,NA,NA,NA,NA,57.4333333333333,26,5,55,"Clove","South","High","Low"
"7B","7/19/22","YB_7B",21,14,1,11,10,1,NA,NA,NA,NA,NA,NA,NA,NA,NA,NA,NA,21.2333333333333,22,2,58,"Peppermint","Northeast","High","High"
"7B","7/19/22","YB_7B",25,21,1,1,18,NA,NA,NA,NA,NA,NA,NA,NA,NA,NA,NA,NA,25.35,19,2,58,"Peppermint","Northeast","High","High"
"7B","7/19/22","YB_7B",29,41,1,9,16,NA,NA,NA,NA,NA,NA,NA,NA,NA,NA,NA,NA,29.6833333333333,25,2,58,"Peppermint","Northeast","High","High"
"7B","7/19/22","YB_7B",34,26,1,6,11,18,NA,NA,NA,NA,NA,NA,NA,NA,NA,NA,NA,34.4333333333333,35,2,58,"Peppermint","Northeast","High","High"
"7B","7/19/22","YB_7B",41,37,1,8,NA,NA,NA,NA,NA,NA,NA,NA,NA,NA,NA,NA,NA,41.6166666666667,8,2,58,"Peppermint","Northeast","High","High"
"7B","7/19/22","YB_7B",49,41,1,2,1,16,NA,NA,NA,NA,NA,NA,NA,NA,NA,NA,NA,49.6833333333333,19,2,58,"Peppermint","Northeast","High","High"
"7B","7/19/22","YB_7B",57,49,1,17,NA,NA,NA,NA,NA,NA,NA,NA,NA,NA,NA,NA,NA,57.8166666666667,17,2,58,"Peppermint","Northeast","High","High"
"7B","7/19/22","YO.a_7B",8,8,1,1,3,3,9,1,1,NA,NA,NA,NA,NA,NA,NA,NA,8.13333333333333,18,6,54,"Clove","South","High","Low"
"7B","7/19/22","YO.a_7B",12,50,1,1,1,1,2,1,1,1,1,1,NA,NA,NA,NA,NA,12.8333333333333,10,6,54,"Clove","South","High","Low"
"7B","7/19/22","YO.a_7B",32,40,1,1,NA,NA,NA,NA,NA,NA,NA,NA,NA,NA,NA,NA,NA,32.6666666666667,1,6,54,"Clove","South","High","Low"
"7B","7/19/22","YO.a_7B",37,25,1,1,9,NA,NA,NA,NA,NA,NA,NA,NA,NA,NA,NA,NA,37.4166666666667,10,6,54,"Clove","South","High","Low"
"7B","7/19/22","YO.a_7B",42,25,1,25,NA,NA,NA,NA,NA,NA,NA,NA,NA,NA,NA,NA,NA,42.4166666666667,25,6,54,"Clove","South","High","Low"
"7B","7/19/22","YO.a_7B",47,41,1,7,15,NA,NA,NA,NA,NA,NA,NA,NA,NA,NA,NA,NA,47.6833333333333,22,6,54,"Clove","South","High","Low"
"7B","7/19/22","YO.a_7B",51,29,1,1,1,10,NA,NA,NA,NA,NA,NA,NA,NA,NA,NA,NA,51.4833333333333,12,6,54,"Clove","South","High","Low"
"7B","7/19/22","YO.a_7B",59,36,1,1,NA,NA,NA,NA,NA,NA,NA,NA,NA,NA,NA,NA,NA,59.6,1,6,54,"Clove","South","High","Low"
"7B","7/19/22","YP.a_7B",32,6,1,13,NA,NA,NA,NA,NA,NA,NA,NA,NA,NA,NA,NA,NA,32.1,13,3,57,"Peppermint","Northeast","High","High"
"7B","7/19/22","YP.a_7B",36,26,1,1,5,13,NA,NA,NA,NA,NA,NA,NA,NA,NA,NA,NA,36.4333333333333,19,3,57,"Peppermint","Northeast","High","High"
"7B","7/19/22","YP.a_7B",40,24,1,27,NA,NA,NA,NA,NA,NA,NA,NA,NA,NA,NA,NA,NA,40.4,27,3,57,"Peppermint","Northeast","High","High"
"7B","7/19/22","YP.a_7B",44,39,1,34,NA,NA,NA,NA,NA,NA,NA,NA,NA,NA,NA,NA,NA,44.65,34,3,57,"Peppermint","Northeast","High","High"
"7B","7/19/22","YP.a_7B",48,35,1,2,34,4,5,11,NA,NA,NA,NA,NA,NA,NA,NA,NA,48.5833333333333,56,3,57,"Peppermint","Northeast","High","High"
"7B","7/19/22","YP.a_7B",54,25,1,9,21,12,NA,NA,NA,NA,NA,NA,NA,NA,NA,NA,NA,54.4166666666667,42,3,57,"Peppermint","Northeast","High","High"
"7B","7/19/22","YP.a_7B",59,36,1,44,NA,NA,NA,NA,NA,NA,NA,NA,NA,NA,NA,NA,NA,59.6,44,3,57,"Peppermint","Northeast","High","High"
"7B","7/19/22","YPY_7B",33,28,1,3,1,6,NA,NA,NA,NA,NA,NA,NA,NA,NA,NA,NA,33.4666666666667,10,2,58,"Peppermint","Northeast","High","High"
"7B","7/19/22","YPY_7B",39,53,1,1,19,NA,NA,NA,NA,NA,NA,NA,NA,NA,NA,NA,NA,39.8833333333333,20,2,58,"Peppermint","Northeast","High","High"
"7B","7/19/22","YPY_7B",53,21,1,25,1,NA,NA,NA,NA,NA,NA,NA,NA,NA,NA,NA,NA,53.35,26,2,58,"Peppermint","Northeast","High","High"
"7B","7/20/22","BF.a_7B",13,47,1,3,1,1,NA,NA,NA,NA,NA,NA,NA,NA,NA,NA,NA,13.7833333333333,5,6,54,"Peppermint","Northeast","Low","Low"
"7B","7/20/22","BF.a_7B",20,11,1,8,NA,NA,NA,NA,NA,NA,NA,NA,NA,NA,NA,NA,NA,20.1833333333333,8,6,54,"Peppermint","Northeast","Low","Low"
"7B","7/20/22","BF.a_7B",25,3,1,1,5,6,1,1,14,1,NA,NA,NA,NA,NA,NA,NA,25.05,29,6,54,"Peppermint","Northeast","Low","Low"
"7B","7/20/22","BF.a_7B",30,55,1,12,NA,NA,NA,NA,NA,NA,NA,NA,NA,NA,NA,NA,NA,30.9166666666667,12,6,54,"Peppermint","Northeast","Low","Low"
"7B","7/20/22","BF.a_7B",36,40,1,8,1,NA,NA,NA,NA,NA,NA,NA,NA,NA,NA,NA,NA,36.6666666666667,9,6,54,"Peppermint","Northeast","Low","Low"
"7B","7/20/22","BF.a_7B",41,42,1,7,2,NA,NA,NA,NA,NA,NA,NA,NA,NA,NA,NA,NA,41.7,9,6,54,"Peppermint","Northeast","Low","Low"
"7B","7/20/22","BF.a_7B",47,43,1,8,6,7,NA,NA,NA,NA,NA,NA,NA,NA,NA,NA,NA,47.7166666666667,21,6,54,"Peppermint","Northeast","Low","Low"
"7B","7/20/22","BF.a_7B",53,43,1,2,15,NA,NA,NA,NA,NA,NA,NA,NA,NA,NA,NA,NA,53.7166666666667,17,6,54,"Peppermint","Northeast","Low","Low"
"7B","7/20/22","BG_7B",57,37,1,1,NA,NA,NA,NA,NA,NA,NA,NA,NA,NA,NA,NA,NA,57.6166666666667,1,2,58,"Peppermint","Northeast","Low","Low"
"7B","7/20/22","BP_7B",10,38,1,1,NA,NA,NA,NA,NA,NA,NA,NA,NA,NA,NA,NA,NA,10.6333333333333,1,8,52,"Peppermint","Northeast","Low","Low"
"7B","7/20/22","BP_7B",24,44,1,7,4,NA,NA,NA,NA,NA,NA,NA,NA,NA,NA,NA,NA,24.7333333333333,11,8,52,"Peppermint","Northeast","Low","Low"
"7B","7/20/22","BP_7B",33,26,1,18,NA,NA,NA,NA,NA,NA,NA,NA,NA,NA,NA,NA,NA,33.4333333333333,18,8,52,"Peppermint","Northeast","Low","Low"
"7B","7/20/22","BP_7B",38,12,1,9,NA,NA,NA,NA,NA,NA,NA,NA,NA,NA,NA,NA,NA,38.2,9,8,52,"Peppermint","Northeast","Low","Low"
"7B","7/20/22","BP_7B",49,15,1,4,22,NA,NA,NA,NA,NA,NA,NA,NA,NA,NA,NA,NA,49.25,26,8,52,"Peppermint","Northeast","Low","Low"
"7B","7/20/22","BP_7B",55,29,1,13,NA,NA,NA,NA,NA,NA,NA,NA,NA,NA,NA,NA,NA,55.4833333333333,13,8,52,"Peppermint","Northeast","Low","Low"
"7B","7/20/22","BP.a_7B",27,29,1,7,NA,NA,NA,NA,NA,NA,NA,NA,NA,NA,NA,NA,NA,27.4833333333333,7,2,58,"Peppermint","Northeast","Low","Low"
"7B","7/20/22","BP.a_7B",55,35,1,27,NA,NA,NA,NA,NA,NA,NA,NA,NA,NA,NA,NA,NA,55.5833333333333,27,2,58,"Peppermint","Northeast","Low","Low"
"7B","7/20/22","BRR_7B",14,29,1,2,1,NA,NA,NA,NA,NA,NA,NA,NA,NA,NA,NA,NA,14.4833333333333,3,8,52,"Peppermint","Northeast","Low","Low"
"7B","7/20/22","BRR_7B",58,23,1,2,2,NA,NA,NA,NA,NA,NA,NA,NA,NA,NA,NA,NA,58.3833333333333,4,8,52,"Peppermint","Northeast","Low","Low"
"7B","7/20/22","BY.a_7B",15,19,1,4,NA,NA,NA,NA,NA,NA,NA,NA,NA,NA,NA,NA,NA,15.3166666666667,4,8,52,"Clove","South","High","Low"
"7B","7/20/22","BY.a_7B",35,30,1,2,6,NA,NA,NA,NA,NA,NA,NA,NA,NA,NA,NA,NA,35.5,8,8,52,"Clove","South","High","Low"
"7B","7/20/22","BY.a_7B",39,30,1,1,NA,NA,NA,NA,NA,NA,NA,NA,NA,NA,NA,NA,NA,39.5,1,8,52,"Clove","South","High","Low"
"7B","7/20/22","BY.a_7B",43,13,1,9,NA,NA,NA,NA,NA,NA,NA,NA,NA,NA,NA,NA,NA,43.2166666666667,9,8,52,"Clove","South","High","Low"
"7B","7/20/22","BY.a_7B",51,11,1,2,NA,NA,NA,NA,NA,NA,NA,NA,NA,NA,NA,NA,NA,51.1833333333333,2,8,52,"Clove","South","High","Low"
"7B","7/20/22","FF.a_7B",13,52,1,2,NA,NA,NA,NA,NA,NA,NA,NA,NA,NA,NA,NA,NA,13.8666666666667,2,16,44,"Peppermint","Northeast","Low","Low"
"7B","7/20/22","FF.a_7B",59,35,1,5,NA,NA,NA,NA,NA,NA,NA,NA,NA,NA,NA,NA,NA,59.5833333333333,5,16,44,"Peppermint","Northeast","Low","Low"
"7B","7/20/22","FFP_7B",16,52,1,1,9,1,3,6,8,1,3,NA,NA,NA,NA,NA,NA,16.8666666666667,32,15,45,"Clove","South","High","Low"
"7B","7/20/22","FFP_7B",26,8,1,2,3,NA,NA,NA,NA,NA,NA,NA,NA,NA,NA,NA,NA,26.1333333333333,5,15,45,"Clove","South","High","Low"
"7B","7/20/22","FFP_7B",34,42,1,3,36,6,NA,NA,NA,NA,NA,NA,NA,NA,NA,NA,NA,34.7,45,15,45,"Clove","South","High","Low"
"7B","7/20/22","FGG_7B",16,3,1,7,1,NA,NA,NA,NA,NA,NA,NA,NA,NA,NA,NA,NA,16.05,8,3,57,"Clove","South","High","Low"
"7B","7/20/22","FGG_7B",27,59,1,4,2,NA,NA,NA,NA,NA,NA,NA,NA,NA,NA,NA,NA,27.9833333333333,6,3,57,"Clove","South","High","Low"
"7B","7/20/22","FGG_7B",34,53,1,1,27,NA,NA,NA,NA,NA,NA,NA,NA,NA,NA,NA,NA,34.8833333333333,28,3,57,"Clove","South","High","Low"
"7B","7/20/22","FGG_7B",38,46,1,1,NA,NA,NA,NA,NA,NA,NA,NA,NA,NA,NA,NA,NA,38.7666666666667,1,3,57,"Clove","South","High","Low"
"7B","7/20/22","FGG_7B",50,3,1,1,3,10,NA,NA,NA,NA,NA,NA,NA,NA,NA,NA,NA,50.05,14,3,57,"Clove","South","High","Low"
"7B","7/20/22","FGG_7B",54,18,1,37,10,NA,NA,NA,NA,NA,NA,NA,NA,NA,NA,NA,NA,54.3,47,3,57,"Clove","South","High","Low"
"7B","7/20/22","FGG_7B",59,7,1,4,6,2,6,2,21,NA,NA,NA,NA,NA,NA,NA,NA,59.1166666666667,41,3,57,"Clove","South","High","Low"
"7B","7/20/22","FR_7B",11,22,1,6,3,NA,NA,NA,NA,NA,NA,NA,NA,NA,NA,NA,NA,11.3666666666667,9,13,47,"Peppermint","Northeast","Low","Low"
"7B","7/20/22","FR_7B",32,42,1,3,2,NA,NA,NA,NA,NA,NA,NA,NA,NA,NA,NA,NA,32.7,5,13,47,"Peppermint","Northeast","Low","Low"
"7B","7/20/22","FY_7B",13,34,1,5,NA,NA,NA,NA,NA,NA,NA,NA,NA,NA,NA,NA,NA,13.5666666666667,5,9,51,"Peppermint","Northeast","Low","Low"
"7B","7/20/22","FY_7B",19,15,1,11,NA,NA,NA,NA,NA,NA,NA,NA,NA,NA,NA,NA,NA,19.25,11,9,51,"Peppermint","Northeast","Low","Low"
"7B","7/20/22","FY_7B",24,53,1,1,NA,NA,NA,NA,NA,NA,NA,NA,NA,NA,NA,NA,NA,24.8833333333333,1,9,51,"Peppermint","Northeast","Low","Low"
"7B","7/20/22","FY_7B",55,18,1,13,NA,NA,NA,NA,NA,NA,NA,NA,NA,NA,NA,NA,NA,55.3,13,9,51,"Peppermint","Northeast","Low","Low"
"7B","7/20/22","FYR_7B",28,37,1,1,NA,NA,NA,NA,NA,NA,NA,NA,NA,NA,NA,NA,NA,28.6166666666667,1,8,52,"Peppermint","Northeast","Low","Low"
"7B","7/20/22","FYR_7B",46,52,1,8,NA,NA,NA,NA,NA,NA,NA,NA,NA,NA,NA,NA,NA,46.8666666666667,8,8,52,"Peppermint","Northeast","Low","Low"
"7B","7/20/22","FYY_7B",32,3,1,4,NA,NA,NA,NA,NA,NA,NA,NA,NA,NA,NA,NA,NA,32.05,4,9,51,"Clove","South","High","Low"
"7B","7/20/22","FYY_7B",36,10,1,8,NA,NA,NA,NA,NA,NA,NA,NA,NA,NA,NA,NA,NA,36.1666666666667,8,9,51,"Clove","South","High","Low"
"7B","7/20/22","FYY_7B",45,24,1,4,NA,NA,NA,NA,NA,NA,NA,NA,NA,NA,NA,NA,NA,45.4,4,9,51,"Clove","South","High","Low"
"7B","7/20/22","FYY_7B",49,1,1,16,NA,NA,NA,NA,NA,NA,NA,NA,NA,NA,NA,NA,NA,49.0166666666667,16,9,51,"Clove","South","High","Low"
"7B","7/20/22","FYY_7B",53,16,1,2,1,5,10,1,4,1,NA,NA,NA,NA,NA,NA,NA,53.2666666666667,24,9,51,"Clove","South","High","Low"
"7B","7/20/22","FYY_7B",57,53,1,1,3,19,NA,NA,NA,NA,NA,NA,NA,NA,NA,NA,NA,57.8833333333333,23,9,51,"Clove","South","High","Low"
"7B","7/20/22","GGW_7B",26,4,1,4,NA,NA,NA,NA,NA,NA,NA,NA,NA,NA,NA,NA,NA,26.0666666666667,4,10,50,"Clove","South","High","Low"
"7B","7/20/22","GGW_7B",34,35,1,1,2,1,4,NA,NA,NA,NA,NA,NA,NA,NA,NA,NA,34.5833333333333,8,10,50,"Clove","South","High","Low"
"7B","7/20/22","GGW_7B",46,6,1,11,23,NA,NA,NA,NA,NA,NA,NA,NA,NA,NA,NA,NA,46.1,34,10,50,"Clove","South","High","Low"
"7B","7/20/22","GGW_7B",54,56,1,2,1,2,18,19,1,11,NA,NA,NA,NA,NA,NA,NA,54.9333333333333,54,10,50,"Clove","South","High","Low"
"7B","7/20/22","OB_7B",8,12,1,1,NA,NA,NA,NA,NA,NA,NA,NA,NA,NA,NA,NA,NA,8.2,1,5,55,"Peppermint","Northeast","Low","Low"
"7B","7/20/22","OB_7B",30,10,1,4,1,NA,NA,NA,NA,NA,NA,NA,NA,NA,NA,NA,NA,30.1666666666667,5,5,55,"Peppermint","Northeast","Low","Low"
"7B","7/20/22","OB_7B",37,43,1,13,2,NA,NA,NA,NA,NA,NA,NA,NA,NA,NA,NA,NA,37.7166666666667,15,5,55,"Peppermint","Northeast","Low","Low"
"7B","7/20/22","OB_7B",44,43,1,13,13,NA,NA,NA,NA,NA,NA,NA,NA,NA,NA,NA,NA,44.7166666666667,26,5,55,"Peppermint","Northeast","Low","Low"
"7B","7/20/22","OB_7B",52,28,1,30,7,NA,NA,NA,NA,NA,NA,NA,NA,NA,NA,NA,NA,52.4666666666667,37,5,55,"Peppermint","Northeast","Low","Low"
"7B","7/20/22","OF.a_7B",42,58,1,2,4,NA,NA,NA,NA,NA,NA,NA,NA,NA,NA,NA,NA,42.9666666666667,6,11,49,"Peppermint","Northeast","Low","Low"
"7B","7/20/22","OF.a_7B",59,6,1,1,4,4,NA,NA,NA,NA,NA,NA,NA,NA,NA,NA,NA,59.1,9,11,49,"Peppermint","Northeast","Low","Low"
"7B","7/20/22","OW_7B",35,15,1,1,NA,NA,NA,NA,NA,NA,NA,NA,NA,NA,NA,NA,NA,35.25,1,8,52,"Peppermint","Northeast","Low","Low"
"7B","7/20/22","OW_7B",52,54,1,5,1,NA,NA,NA,NA,NA,NA,NA,NA,NA,NA,NA,NA,52.9,6,8,52,"Peppermint","Northeast","Low","Low"
"7B","7/20/22","OW_7B",58,45,1,13,1,NA,NA,NA,NA,NA,NA,NA,NA,NA,NA,NA,NA,58.75,14,8,52,"Peppermint","Northeast","Low","Low"
"7B","7/20/22","OWW_7B",47,14,1,7,NA,NA,NA,NA,NA,NA,NA,NA,NA,NA,NA,NA,NA,47.2333333333333,7,7,53,"Clove","South","High","Low"
"7B","7/20/22","PBB_7B",33,18,1,9,1,16,NA,NA,NA,NA,NA,NA,NA,NA,NA,NA,NA,33.3,26,7,53,"Clove","South","High","Low"
"7B","7/20/22","PBB_7B",38,39,1,2,10,9,NA,NA,NA,NA,NA,NA,NA,NA,NA,NA,NA,38.65,21,7,53,"Clove","South","High","Low"
"7B","7/20/22","PBB_7B",44,5,1,3,5,2,10,8,NA,NA,NA,NA,NA,NA,NA,NA,NA,44.0833333333333,28,7,53,"Clove","South","High","Low"
"7B","7/20/22","PBB_7B",49,4,1,5,NA,NA,NA,NA,NA,NA,NA,NA,NA,NA,NA,NA,NA,49.0666666666667,5,7,53,"Clove","South","High","Low"
"7B","7/20/22","PBB_7B",53,21,1,1,1,NA,NA,NA,NA,NA,NA,NA,NA,NA,NA,NA,NA,53.35,2,7,53,"Clove","South","High","Low"
"7B","7/20/22","PF_7B",16,5,1,1,NA,NA,NA,NA,NA,NA,NA,NA,NA,NA,NA,NA,NA,16.0833333333333,1,7,53,"Peppermint","Northeast","Low","Low"
"7B","7/20/22","PF_7B",33,18,1,2,NA,NA,NA,NA,NA,NA,NA,NA,NA,NA,NA,NA,NA,33.3,2,7,53,"Peppermint","Northeast","Low","Low"
"7B","7/20/22","PF_7B",44,4,1,11,NA,NA,NA,NA,NA,NA,NA,NA,NA,NA,NA,NA,NA,44.0666666666667,11,7,53,"Peppermint","Northeast","Low","Low"
"7B","7/20/22","PF_7B",59,0,1,23,NA,NA,NA,NA,NA,NA,NA,NA,NA,NA,NA,NA,NA,59,23,7,53,"Peppermint","Northeast","Low","Low"
"7B","7/20/22","PG_7B",5,35,1,1,1,1,1,1,11,4,2,10,7,6,1,1,1,5.58333333333333,48,3,57,"Peppermint","Northeast","Low","Low"
"7B","7/20/22","PG_7B",10,34,1,12,2,3,2,NA,NA,NA,NA,NA,NA,NA,NA,NA,NA,10.5666666666667,19,3,57,"Peppermint","Northeast","Low","Low"
"7B","7/20/22","PG_7B",16,26,1,14,NA,NA,NA,NA,NA,NA,NA,NA,NA,NA,NA,NA,NA,16.4333333333333,14,3,57,"Peppermint","Northeast","Low","Low"
"7B","7/20/22","PG_7B",31,45,1,8,1,23,NA,NA,NA,NA,NA,NA,NA,NA,NA,NA,NA,31.75,32,3,57,"Peppermint","Northeast","Low","Low"
"7B","7/20/22","PG_7B",37,26,1,11,NA,NA,NA,NA,NA,NA,NA,NA,NA,NA,NA,NA,NA,37.4333333333333,11,3,57,"Peppermint","Northeast","Low","Low"
"7B","7/20/22","PG_7B",42,40,1,4,NA,NA,NA,NA,NA,NA,NA,NA,NA,NA,NA,NA,NA,42.6666666666667,4,3,57,"Peppermint","Northeast","Low","Low"
"7B","7/20/22","PG_7B",51,56,1,14,NA,NA,NA,NA,NA,NA,NA,NA,NA,NA,NA,NA,NA,51.9333333333333,14,3,57,"Peppermint","Northeast","Low","Low"
"7B","7/20/22","PGG_7B",7,48,1,3,4,3,3,7,NA,NA,NA,NA,NA,NA,NA,NA,NA,7.8,20,6,54,"Peppermint","Northeast","Low","Low"
"7B","7/20/22","PGG_7B",33,5,1,3,NA,NA,NA,NA,NA,NA,NA,NA,NA,NA,NA,NA,NA,33.0833333333333,3,6,54,"Peppermint","Northeast","Low","Low"
"7B","7/20/22","PGG_7B",57,54,1,2,NA,NA,NA,NA,NA,NA,NA,NA,NA,NA,NA,NA,NA,57.9,2,6,54,"Peppermint","Northeast","Low","Low"
"7B","7/20/22","PO_7B",12,2,1,1,1,NA,NA,NA,NA,NA,NA,NA,NA,NA,NA,NA,NA,12.0333333333333,2,6,54,"Clove","South","High","Low"
"7B","7/20/22","PR_7B",36,39,1,9,NA,NA,NA,NA,NA,NA,NA,NA,NA,NA,NA,NA,NA,36.65,9,10,50,"Clove","South","High","Low"
"7B","7/20/22","PR_7B",41,4,1,2,10,2,NA,NA,NA,NA,NA,NA,NA,NA,NA,NA,NA,41.0666666666667,14,10,50,"Clove","South","High","Low"
"7B","7/20/22","PR_7B",45,45,1,3,NA,NA,NA,NA,NA,NA,NA,NA,NA,NA,NA,NA,NA,45.75,3,10,50,"Clove","South","High","Low"
"7B","7/20/22","PR_7B",50,12,1,15,NA,NA,NA,NA,NA,NA,NA,NA,NA,NA,NA,NA,NA,50.2,15,10,50,"Clove","South","High","Low"
"7B","7/20/22","PR_7B",54,5,1,6,13,NA,NA,NA,NA,NA,NA,NA,NA,NA,NA,NA,NA,54.0833333333333,19,10,50,"Clove","South","High","Low"
"7B","7/20/22","PR_7B",58,2,1,1,19,NA,NA,NA,NA,NA,NA,NA,NA,NA,NA,NA,NA,58.0333333333333,20,10,50,"Clove","South","High","Low"
"7B","7/20/22","PRR_7B",9,42,1,1,NA,NA,NA,NA,NA,NA,NA,NA,NA,NA,NA,NA,NA,9.7,1,8,52,"Peppermint","Northeast","Low","Low"
"7B","7/20/22","PY.v_7B",38,30,1,2,NA,NA,NA,NA,NA,NA,NA,NA,NA,NA,NA,NA,NA,38.5,2,6,54,"Peppermint","Northeast","Low","Low"
"7B","7/20/22","PY.a_7B",54,21,1,13,NA,NA,NA,NA,NA,NA,NA,NA,NA,NA,NA,NA,NA,54.35,13,7,53,"Clove","South","High","Low"
"7B","7/20/22","RB_7B",18,55,1,3,NA,NA,NA,NA,NA,NA,NA,NA,NA,NA,NA,NA,NA,18.9166666666667,3,8,52,"Peppermint","Northeast","Low","Low"
"7B","7/20/22","RB_7B",24,2,1,2,NA,NA,NA,NA,NA,NA,NA,NA,NA,NA,NA,NA,NA,24.0333333333333,2,8,52,"Peppermint","Northeast","Low","Low"
"7B","7/20/22","RB_7B",29,11,1,4,NA,NA,NA,NA,NA,NA,NA,NA,NA,NA,NA,NA,NA,29.1833333333333,4,8,52,"Peppermint","Northeast","Low","Low"
"7B","7/20/22","RB_7B",35,28,1,6,NA,NA,NA,NA,NA,NA,NA,NA,NA,NA,NA,NA,NA,35.4666666666667,6,8,52,"Peppermint","Northeast","Low","Low"
"7B","7/20/22","RB_7B",48,17,1,5,7,NA,NA,NA,NA,NA,NA,NA,NA,NA,NA,NA,NA,48.2833333333333,12,8,52,"Peppermint","Northeast","Low","Low"
"7B","7/20/22","RB_7B",55,19,1,3,6,6,NA,NA,NA,NA,NA,NA,NA,NA,NA,NA,NA,55.3166666666667,15,8,52,"Peppermint","Northeast","Low","Low"
"7B","7/20/22","RF_7B",10,2,1,1,NA,NA,NA,NA,NA,NA,NA,NA,NA,NA,NA,NA,NA,10.0333333333333,1,7,53,"Peppermint","Northeast","Low","Low"
"7B","7/20/22","RF_7B",20,13,1,2,NA,NA,NA,NA,NA,NA,NA,NA,NA,NA,NA,NA,NA,20.2166666666667,2,7,53,"Peppermint","Northeast","Low","Low"
"7B","7/20/22","RF_7B",32,42,1,2,2,NA,NA,NA,NA,NA,NA,NA,NA,NA,NA,NA,NA,32.7,4,7,53,"Peppermint","Northeast","Low","Low"
"7B","7/20/22","RF_7B",54,46,1,2,NA,NA,NA,NA,NA,NA,NA,NA,NA,NA,NA,NA,NA,54.7666666666667,2,7,53,"Peppermint","Northeast","Low","Low"
"7B","7/20/22","RO_7B",11,8,1,1,1,NA,NA,NA,NA,NA,NA,NA,NA,NA,NA,NA,NA,11.1333333333333,2,7,53,"Peppermint","Northeast","Low","Low"
"7B","7/20/22","WGG_7B",32,57,1,1,1,1,9,NA,NA,NA,NA,NA,NA,NA,NA,NA,NA,32.95,12,11,49,"Clove","South","High","Low"
"7B","7/20/22","WGG_7B",37,23,1,1,3,5,4,4,NA,NA,NA,NA,NA,NA,NA,NA,NA,37.3833333333333,17,11,49,"Clove","South","High","Low"
"7B","7/20/22","WGG_7B",41,15,1,2,NA,NA,NA,NA,NA,NA,NA,NA,NA,NA,NA,NA,NA,41.25,2,11,49,"Clove","South","High","Low"
"7B","7/20/22","WGG_7B",45,0,1,17,NA,NA,NA,NA,NA,NA,NA,NA,NA,NA,NA,NA,NA,45,17,11,49,"Clove","South","High","Low"
"7B","7/20/22","WGG_7B",52,31,1,1,10,NA,NA,NA,NA,NA,NA,NA,NA,NA,NA,NA,NA,52.5166666666667,11,11,49,"Clove","South","High","Low"
"7B","7/20/22","WGG_7B",56,14,1,7,4,1,NA,NA,NA,NA,NA,NA,NA,NA,NA,NA,NA,56.2333333333333,12,11,49,"Clove","South","High","Low"
"7B","7/20/22","WGG_7B",59,47,1,1,3,17,NA,NA,NA,NA,NA,NA,NA,NA,NA,NA,NA,59.7833333333333,21,11,49,"Clove","South","High","Low"
"7B","7/20/22","WGR_7B",9,50,1,1,1,11,3,2,3,1,NA,NA,NA,NA,NA,NA,NA,9.83333333333333,22,7,53,"Peppermint","Northeast","Low","Low"
"7B","7/20/22","WOO_7B",27,53,1,4,NA,NA,NA,NA,NA,NA,NA,NA,NA,NA,NA,NA,NA,27.8833333333333,4,11,49,"Peppermint","Northeast","Low","Low"
"7B","7/20/22","WOO_7B",34,8,1,3,NA,NA,NA,NA,NA,NA,NA,NA,NA,NA,NA,NA,NA,34.1333333333333,3,11,49,"Peppermint","Northeast","Low","Low"
"7B","7/20/22","WOY_7B",11,22,1,1,NA,NA,NA,NA,NA,NA,NA,NA,NA,NA,NA,NA,NA,11.3666666666667,1,8,52,"Peppermint","Northeast","Low","Low"
"7B","7/20/22","WOY_7B",56,38,1,2,NA,NA,NA,NA,NA,NA,NA,NA,NA,NA,NA,NA,NA,56.6333333333333,2,8,52,"Peppermint","Northeast","Low","Low"
"7B","7/20/22","WR.a_7B",56,44,1,1,NA,NA,NA,NA,NA,NA,NA,NA,NA,NA,NA,NA,NA,56.7333333333333,1,18,42,"Peppermint","Northeast","Low","Low"
"7B","7/20/22","WRR_7B",59,32,1,6,2,NA,NA,NA,NA,NA,NA,NA,NA,NA,NA,NA,NA,59.5333333333333,8,3,57,"Peppermint","Northeast","Low","Low"
"7B","7/20/22","WY.a_7B",8,49,1,4,NA,NA,NA,NA,NA,NA,NA,NA,NA,NA,NA,NA,NA,8.81666666666667,4,6,54,"Clove","South","High","Low"
"7B","7/20/22","WY.a_7B",10,25,1,1,NA,NA,NA,NA,NA,NA,NA,NA,NA,NA,NA,NA,NA,10.4166666666667,1,6,54,"Clove","South","High","Low"
"7B","7/20/22","WY.a_7B",13,17,1,6,NA,NA,NA,NA,NA,NA,NA,NA,NA,NA,NA,NA,NA,13.2833333333333,6,6,54,"Clove","South","High","Low"
"7B","7/20/22","WY.a_7B",17,3,1,1,6,3,NA,NA,NA,NA,NA,NA,NA,NA,NA,NA,NA,17.05,10,6,54,"Clove","South","High","Low"
"7B","7/20/22","WY.a_7B",21,27,1,1,2,NA,NA,NA,NA,NA,NA,NA,NA,NA,NA,NA,NA,21.45,3,6,54,"Clove","South","High","Low"
"7B","7/20/22","WY.a_7B",25,38,1,4,5,1,1,NA,NA,NA,NA,NA,NA,NA,NA,NA,NA,25.6333333333333,11,6,54,"Clove","South","High","Low"
"7B","7/20/22","WY.a_7B",30,17,1,3,8,15,15,20,18,NA,NA,NA,NA,NA,NA,NA,NA,30.2833333333333,79,6,54,"Clove","South","High","Low"
"7B","7/20/22","WY.a_7B",36,49,1,1,7,23,3,1,NA,NA,NA,NA,NA,NA,NA,NA,NA,36.8166666666667,35,6,54,"Clove","South","High","Low"
"7B","7/20/22","WY.a_7B",45,50,1,9,1,3,22,7,NA,NA,NA,NA,NA,NA,NA,NA,NA,45.8333333333333,42,6,54,"Clove","South","High","Low"
"7B","7/20/22","WY.a_7B",50,51,1,2,20,NA,NA,NA,NA,NA,NA,NA,NA,NA,NA,NA,NA,50.85,22,6,54,"Clove","South","High","Low"
"7B","7/20/22","WY.a_7B",55,41,1,14,1,32,33,NA,NA,NA,NA,NA,NA,NA,NA,NA,NA,55.6833333333333,80,6,54,"Clove","South","High","Low"
"7B","7/20/22","YB_7B",26,0,1,1,NA,NA,NA,NA,NA,NA,NA,NA,NA,NA,NA,NA,NA,26,1,2,58,"Peppermint","Northeast","Low","Low"
"7B","7/20/22","YB_7B",30,22,1,7,7,NA,NA,NA,NA,NA,NA,NA,NA,NA,NA,NA,NA,30.3666666666667,14,2,58,"Peppermint","Northeast","Low","Low"
"7B","7/20/22","YB_7B",36,3,1,10,6,NA,NA,NA,NA,NA,NA,NA,NA,NA,NA,NA,NA,36.05,16,2,58,"Peppermint","Northeast","Low","Low"
"7B","7/20/22","YB_7B",41,46,1,1,NA,NA,NA,NA,NA,NA,NA,NA,NA,NA,NA,NA,NA,41.7666666666667,1,2,58,"Peppermint","Northeast","Low","Low"
"7B","7/20/22","YF_7B",14,48,1,1,NA,NA,NA,NA,NA,NA,NA,NA,NA,NA,NA,NA,NA,14.8,1,5,55,"Peppermint","Northeast","Low","Low"
"7B","7/20/22","YF_7B",37,18,1,6,2,NA,NA,NA,NA,NA,NA,NA,NA,NA,NA,NA,NA,37.3,8,5,55,"Peppermint","Northeast","Low","Low"
"7B","7/20/22","YF_7B",43,35,1,22,6,NA,NA,NA,NA,NA,NA,NA,NA,NA,NA,NA,NA,43.5833333333333,28,5,55,"Peppermint","Northeast","Low","Low"
"7B","7/20/22","YF_7B",50,13,1,3,26,NA,NA,NA,NA,NA,NA,NA,NA,NA,NA,NA,NA,50.2166666666667,29,5,55,"Peppermint","Northeast","Low","Low"
"7B","7/20/22","YF_7B",56,59,1,5,8,24,NA,NA,NA,NA,NA,NA,NA,NA,NA,NA,NA,56.9833333333333,37,5,55,"Peppermint","Northeast","Low","Low"
"7B","7/20/22","YO.a_7B",27,44,1,1,NA,NA,NA,NA,NA,NA,NA,NA,NA,NA,NA,NA,NA,27.7333333333333,1,16,44,"Clove","South","High","Low"
"7B","7/20/22","YO.a_7B",49,37,1,3,NA,NA,NA,NA,NA,NA,NA,NA,NA,NA,NA,NA,NA,49.6166666666667,3,16,44,"Clove","South","High","Low"
